Workbook

Sheet 원격정보
B1: AXGate Client VPN 접속 IP
N2: 마지막 수정일 : | O2: =TODAY() -> 45931
B3: 지역 | E3: VPN 정보 | J3: Server 정보 | N3: 비고
B4: BrdCode | C4: 시/도 | D4: 시/군 | E4: 모델명 | F4: IP : Port | G4: 인증 IP : Port | H4: ID | I4: Password | J4: 서버명 | K4: IP : Port | L4: ID | M4: Password | N4: 비고 작성일 | O4: 내용
B5: =IF(D5="","",VLOOKUP(D5,지역코드!$A$2:$C$163,2,0)) -> 5 | C5: =IF(D5="","",VLOOKUP(D5,지역코드!$A$2:$C$163,3,0)) -> 세종 | D5: 세종 | J5: 침수차단 관측서버 | M5: qwer123$ | O5: 폐쇄망
B6: =IF(D6="","",VLOOKUP(D6,지역코드!$A$2:$C$163,2,0)) -> 9 | C6: =IF(D6="","",VLOOKUP(D6,지역코드!$A$2:$C$163,3,0)) -> 제주 | D6: 제주 | H6: 1 701 027 987 | I6: woobosys | J6: 기상관측서버 | K6: 192.168.2.150:16100 | O6: 썸 관리(팀뷰어 통해서 접속)
B7: =IF(D7="","",VLOOKUP(D7,지역코드!$A$2:$C$163,2,0)) -> 8 | C7: =IF(D7="","",VLOOKUP(D7,지역코드!$A$2:$C$163,3,0)) -> 제주 | D7: 서귀포 | J7: Woobo 관측서버 | K7: 211.34.191.202 | L7: snowdata | M7: 안전100% | O7: 상황실 모니터링중
B8: =IF(D8="","",VLOOKUP(D8,지역코드!$A$2:$C$163,2,0)) -> 10 | C8: =IF(D8="","",VLOOKUP(D8,지역코드!$A$2:$C$163,3,0)) -> 강원 | D8: 강릉 | F8: 152.99.143.151:7900 | G8: 172.16.0.1:8081 | H8: gangneung | I8: admin123! | J8: Woobo 관측서버 | K8: 20.150.0.100:13389 | L8: administrator | M8: !086Piy?
B9: =IF(D9="","",VLOOKUP(D9,지역코드!$A$2:$C$163,2,0)) -> 10 | C9: =IF(D9="","",VLOOKUP(D9,지역코드!$A$2:$C$163,3,0)) -> 강원 | D9: 강릉 | F9: 152.99.143.151:7900 | G9: 172.16.0.1:8081 | H9: gangneung | I9: admin123! | J9: Amano 중계서버 | K9: 20.150.5.7:13389 | L9: administrator | M9: !086Piy?
B10: =IF(D10="","",VLOOKUP(D10,지역코드!$A$2:$C$163,2,0)) -> 15 | C10: =IF(D10="","",VLOOKUP(D10,지역코드!$A$2:$C$163,3,0)) -> 강원 | D10: 양구 | F10: 221.144.206.176:7900 | G10: 172.16.0.1:8081 | H10: yanggu | I10: admin123! | K10: 192.168.0.110:22000 | L10: draws_was | M10: didrn12#$ | O10: 접속시 주의! (부린)
B11: =IF(D11="","",VLOOKUP(D11,지역코드!$A$2:$C$163,2,0)) -> 17 | C11: =IF(D11="","",VLOOKUP(D11,지역코드!$A$2:$C$163,3,0)) -> 강원 | D11: 영월 | F11: 152.99.160.122:7900 | G11: 172.16.0.1:8081 | H11: yeongwol | I11: admin123! | J11: 관측서버 | K11: 20.200.0.100:13389 | L11: administrator | M11: !086Piy?
B12: =IF(D12="","",VLOOKUP(D12,지역코드!$A$2:$C$163,2,0)) -> 17 | C12: =IF(D12="","",VLOOKUP(D12,지역코드!$A$2:$C$163,3,0)) -> 강원 | D12: 영월 | F12: 152.99.160.122:7900 | G12: 172.16.0.1:8081 | H12: yeongwol | I12: admin123! | J12: KIOT 수집서버 | K12: 20.200.0.101:3389 | L12: administrator | M12: yeongwol1!
B13: =IF(D13="","",VLOOKUP(D13,지역코드!$A$2:$C$163,2,0)) -> 18 | C13: =IF(D13="","",VLOOKUP(D13,지역코드!$A$2:$C$163,3,0)) -> 강원 | D13: 원주 | F13: 152.99.142.107:7900 | G13: 172.16.0.1:8081 | H13: wonju | I13: admin123! | J13: Woobo 관측서버 | K13: 20.200.0.100:13389 | L13: administrator | M13: !086Piy?
B14: =IF(D14="","",VLOOKUP(D14,지역코드!$A$2:$C$163,2,0)) -> 18 | C14: =IF(D14="","",VLOOKUP(D14,지역코드!$A$2:$C$163,3,0)) -> 강원 | D14: 원주 | F14: 152.99.142.107:7900 | G14: 172.16.0.1:8081 | H14: wonju | I14: admin123! | J14: Woobo DB서버 | K14: 152.99.142.108:23389 | L14: administrator | M14: !086Piy? | O14: 관측서버에서만 접근가능
B15: =IF(D15="","",VLOOKUP(D15,지역코드!$A$2:$C$163,2,0)) -> 18 | C15: =IF(D15="","",VLOOKUP(D15,지역코드!$A$2:$C$163,3,0)) -> 강원 | D15: 원주 | J15: 침수서버 | K15: 152.99.142.60:13389 | L15: administrator | M15: !086Piy?
B16: =IF(D16="","",VLOOKUP(D16,지역코드!$A$2:$C$163,2,0)) -> 20 | C16: =IF(D16="","",VLOOKUP(D16,지역코드!$A$2:$C$163,3,0)) -> 강원 | D16: 정선 | F16: 152.99.171.181:7900 | G16: 172.16.0.1:8081 | H16: jeongseon | I16: admin123! | J16: Woobo 관측서버 | K16: 20.79.0.100 | L16: administrator | M16: !086Piy? | O16: 2022.08.16 VPN로그인안됨, 씨트롤 가능
B17: =IF(D17="","",VLOOKUP(D17,지역코드!$A$2:$C$163,2,0)) -> 21 | C17: =IF(D17="","",VLOOKUP(D17,지역코드!$A$2:$C$163,3,0)) -> 강원 | D17: 철원 | F17: 152.99.172.86:7900 | G17: 172.16.0.1:8081 | H17: cheorwon | I17: admin123! | J17: 관측서버 | K17: 20.200.0.100:13389 | L17: administrator | M17: !086Piy? | N17: cas/cas
B18: =IF(D18="","",VLOOKUP(D18,지역코드!$A$2:$C$163,2,0)) -> 25 | C18: =IF(D18="","",VLOOKUP(D18,지역코드!$A$2:$C$163,3,0)) -> 강원 | D18: 홍천 | F18: 152.99.148.188:7900 | G18: 172.16.0.1:8081 | H18: hongcheon | I18: admin123! | J18: Woobo 관측서버 | K18: 152.99.148.155:13389 | L18: administrator | M18: !086Piy? | O18: 2025.02.03 VPN로그인됨, 원격안됨
B19: =IF(D19="","",VLOOKUP(D19,지역코드!$A$2:$C$163,2,0)) -> 27 | C19: =IF(D19="","",VLOOKUP(D19,지역코드!$A$2:$C$163,3,0)) -> 강원 | D19: 횡성 | F19: 152.99.149.180:7900 | G19: 172.16.0.1:8081 | H19: hoengseong | I19: admin123! | J19: Woobo DB서버 | K19: 106.9.91.204:13389 (152.99.149.181:13306) | L19: Administrator | M19: !086Piy?
B20: =IF(D20="","",VLOOKUP(D20,지역코드!$A$2:$C$163,2,0)) -> 43 | C20: =IF(D20="","",VLOOKUP(D20,지역코드!$A$2:$C$163,3,0)) -> 경기 | D20: 안성 | F20: 27.101.130.178:7900 | G20: 172.16.0.1:8081 | H20: anseong | I20: admin123! | J20: 수위계측 관측서버 | K20: 20.160.0.100:3389 | L20: administrator | M20: !086Piy?
B21: =IF(D21="","",VLOOKUP(D21,지역코드!$A$2:$C$163,2,0)) -> 43 | C21: =IF(D21="","",VLOOKUP(D21,지역코드!$A$2:$C$163,3,0)) -> 경기 | D21: 안성 | F21: 27.101.130.121:7800 | G21: 172.16.0.1:7981 | H21: anseong | I21: admin123! | J21: 둔치주차 관측서버 | K21: 27.101.130.122:13389 / 20.200.0.100 | L21: administrator | M21: !086Piy?
B22: =IF(D22="","",VLOOKUP(D22,지역코드!$A$2:$C$163,2,0)) -> 43 | C22: =IF(D22="","",VLOOKUP(D22,지역코드!$A$2:$C$163,3,0)) -> 경기 | D22: 안성 | F22: 59.13.176.11:7900 | G22: 172.16.0.1:8081 | H22: anseong | I22: admin123! | J22: 급경사지 관측서버 | K22: 20.210.0.100 | O22: 심플비트
B23: =IF(D23="","",VLOOKUP(D23,지역코드!$A$2:$C$163,2,0)) -> 53 | C23: =IF(D23="","",VLOOKUP(D23,지역코드!$A$2:$C$163,3,0)) -> 경기 | D23: 이천 | E23: Axgate90 | F23: 27.101.121.150:7900 | G23: 172.16.0.1:8081 | H23: icheon | I23: admin123! | J23: Woobo 관측서버 | K23: 20.190.0.100:13389 | L23: administrator | M23: !086Piy? | N23: 44749 | O23: 20.190.0.0 대역만 접근 가능
B24: =IF(D24="","",VLOOKUP(D24,지역코드!$A$2:$C$163,2,0)) -> 74 | C24: =IF(D24="","",VLOOKUP(D24,지역코드!$A$2:$C$163,3,0)) -> 경남 | D24: 함안 | F24: 27.101.82.211:7900 | G24: 172.16.0.1:8081 | H24: haman | I24: admin123! | J24: 관측서버 | K24: 27.101.82.210 / 20.60.0.100:13389 | L24: administrator / WBEarly | M24: !086Piy? | N24: 45034 | O24: 서브계정사용
B25: =IF(D25="","",VLOOKUP(D25,지역코드!$A$2:$C$163,2,0)) -> 82 | C25: =IF(D25="","",VLOOKUP(D25,지역코드!$A$2:$C$163,3,0)) -> 경북 | D25: 김천 | J25: 관측서버 | K25: 172.4.1.10 | L25: administrator | M25: !123qwe
B26: =IF(D26="","",VLOOKUP(D26,지역코드!$A$2:$C$163,2,0)) -> 86 | C26: =IF(D26="","",VLOOKUP(D26,지역코드!$A$2:$C$163,3,0)) -> 경북 | D26: 성주 | F26: 27.101.28.43:7900 | G26: 172.16.0.1:8081 | H26: seongju | I26: admin123! | K26: 20.120.0.100:13389 | L26: administrator | M26: !086Piy?
B27: =IF(D27="","",VLOOKUP(D27,지역코드!$A$2:$C$163,2,0)) -> 88 | C27: =IF(D27="","",VLOOKUP(D27,지역코드!$A$2:$C$163,3,0)) -> 경북 | D27: 영덕 | F27: 27.101.25.144:7900 | G27: 172.16.0.1:8081 | H27: yeongdeok | I27: admin123! | J27: 관측서버 | K27: 20.70.0.100:13389 | L27: administrator | M27: !086Piy?
B28: =IF(D28="","",VLOOKUP(D28,지역코드!$A$2:$C$163,2,0)) -> 91 | C28: =IF(D28="","",VLOOKUP(D28,지역코드!$A$2:$C$163,3,0)) -> 경북 | D28: 영천 | F28: 27.101.17.165:7900 | G28: 172.16.0.1:8081 | H28: yeongcheon | I28: admin123! | J28: Woobo 관측서버 | K28: 20.200.0.100:13389 | L28: administrator | M28: !086Piy?
B29: =IF(D29="","",VLOOKUP(D29,지역코드!$A$2:$C$163,2,0)) -> 95 | C29: =IF(D29="","",VLOOKUP(D29,지역코드!$A$2:$C$163,3,0)) -> 경북 | D29: 의성 | F29: 27.101.22.21:7900 | G29: 172.16.0.1:8081 | H29: uiseong | I29: admin123! | J29: 조기경보 관측서버 | K29: 20.200.0.100:13389 | L29: administrator | M29: !086Piy?
B30: =IF(D30="","",VLOOKUP(D30,지역코드!$A$2:$C$163,2,0)) -> 95 | C30: =IF(D30="","",VLOOKUP(D30,지역코드!$A$2:$C$163,3,0)) -> 경북 | D30: 의성 | F30: 27.101.22.40:7900 | G30: 172.16.0.1:8081 | H30: uiseong | I30: admin123! | J30: 침수차단 관측서버 | K30: 20.200.0.100:13389 | L30: administrator | M30: !086Piy?
B31: =IF(D31="","",VLOOKUP(D31,지역코드!$A$2:$C$163,2,0)) -> 97 | C31: =IF(D31="","",VLOOKUP(D31,지역코드!$A$2:$C$163,3,0)) -> 경북 | D31: 청송 | F31: 27.101.23.41:? | G31: 네오컨넥트 | J31: 관측서버 | K31: 172.10.0.10:16100 | L31: csadmin | M31: !086Piy? | N31: 44977 | O31: 네오커넥트/ mstsc 원격불가(보안) / DB 확인가능
B32: =IF(D32="","",VLOOKUP(D32,지역코드!$A$2:$C$163,2,0)) -> 107 | C32: =IF(D32="","",VLOOKUP(D32,지역코드!$A$2:$C$163,3,0)) -> 전남 | D32: 목포 | G32: AnyDesk | K32: 110.1.29.111 | L32: 569 639 686 | M32: qwe123!@# | N32: 44872 | O32: 담당자가 보고있습니다!! 창 정리 필수!!
B33: =IF(D33="","",VLOOKUP(D33,지역코드!$A$2:$C$163,2,0)) -> 108 | C33: =IF(D33="","",VLOOKUP(D33,지역코드!$A$2:$C$163,3,0)) -> 전남 | D33: 무안 | F33: 152.99.184.41:7900 | G33: 172.16.0.1:8081 | H33: muan | I33: admin123! | J33: Woobo 관측서버 | K33: 20.170.0.100:13389 | L33: administrator | M33: !086Piy?
B34: =IF(D34="","",VLOOKUP(D34,지역코드!$A$2:$C$163,2,0)) -> 122 | C34: =IF(D34="","",VLOOKUP(D34,지역코드!$A$2:$C$163,3,0)) -> 전북 | D34: 고창 | F34: 27.101.163.35:7900 | G34: 172.16.0.1:8081 | H34: gochang | I34: admin123! | J34: Woobo 관측서버 | K34: 20.130.0.100:13389 | L34: administrator | M34: !086Piy?
B35: =IF(D35="","",VLOOKUP(D35,지역코드!$A$2:$C$163,2,0)) -> 124 | C35: =IF(D35="","",VLOOKUP(D35,지역코드!$A$2:$C$163,3,0)) -> 전북 | D35: 김제 | F35: 27.101.156.106:7900 | G35: 172.16.0.1:8081 | H35: gimje | I35: admin123! | J35: Woobo 수집서버(DB) | K35: 27.101.156.103 | L35: cas | M35: cas | O35: 온품방송서버
B36: =IF(D36="","",VLOOKUP(D36,지역코드!$A$2:$C$163,2,0)) -> 124 | C36: =IF(D36="","",VLOOKUP(D36,지역코드!$A$2:$C$163,3,0)) -> 전북 | D36: 김제 | F36: 27.101.156.106:7900 | G36: 172.16.0.1:8081 | H36: gimje | I36: admin123! | J36: Woobo 모니터링PC | K36: 27.101.156.104 | L36: cas | M36: cas | O36: 관제PC(모니터연결중, 접근금지)
B37: =IF(D37="","",VLOOKUP(D37,지역코드!$A$2:$C$163,2,0)) -> 124 | C37: =IF(D37="","",VLOOKUP(D37,지역코드!$A$2:$C$163,3,0)) -> 전북 | D37: 김제 | F37: 27.101.156.106:7900 | G37: 172.16.0.1:8081 | H37: gimje | I37: admin123! | J37: Woobo DB서버 | K37: 27.101.156.105 | L37: cas | M37: cas | O37: 통합전파플랫폼?
B38: =IF(D38="","",VLOOKUP(D38,지역코드!$A$2:$C$163,2,0)) -> 124 | C38: =IF(D38="","",VLOOKUP(D38,지역코드!$A$2:$C$163,3,0)) -> 전북 | D38: 김제 | F38: 27.101.156.106:7900 | G38: 172.16.0.1:8081 | H38: gimje | I38: admin123! | J38: 관측서버 | K38: 20.200.0.100 | L38: administrator | M38: !086Piy? | O38: KVM 연결됨
B39: =IF(D39="","",VLOOKUP(D39,지역코드!$A$2:$C$163,2,0)) -> 135 | C39: =IF(D39="","",VLOOKUP(D39,지역코드!$A$2:$C$163,3,0)) -> 전북 | D39: 진안 | F39: 106.255.233.226:7900 | G39: 172.16.0.1:8081 | H39: jinan | I39: admin123! | J39: Woobo 관측서버 | K39: 20.180.0.100:13389 | L39: administrator | M39: !086Piy?
B40: =IF(D40="","",VLOOKUP(D40,지역코드!$A$2:$C$163,2,0)) -> 137 | C40: =IF(D40="","",VLOOKUP(D40,지역코드!$A$2:$C$163,3,0)) -> 충남 | D40: 공주 | F40: 210.123.195.126:7900 | G40: 172.16.0.1:8081 | H40: gongju | I40: admin123! | J40: Woobo 관측서버 | K40: 210.123.195.125:13389 | L40: administrator | M40: !086Piy?
B41: =IF(D41="","",VLOOKUP(D41,지역코드!$A$2:$C$163,2,0)) -> 141 | C41: =IF(D41="","",VLOOKUP(D41,지역코드!$A$2:$C$163,3,0)) -> 충남 | D41: 보령 | F41: 221.158.112.158 | G41: 네오컨넥트 | H41: boryeong1,2 | J41: Woobo 관측서버 | K41: 152.99.186.153:20000 | L41: DRAWS_MID | M41: 보령12#$ | N41: 44805 | O41: 접속시 주의! (부린)
B42: =IF(D42="","",VLOOKUP(D42,지역코드!$A$2:$C$163,2,0)) -> 142 | C42: =IF(D42="","",VLOOKUP(D42,지역코드!$A$2:$C$163,3,0)) -> 충남 | D42: 부여 | F42: 121.153.186.155:7900 | G42: 172.17.0.1:8081 | H42: buyeo | I42: admin123! | J42: Woobo 기상수집서버 | K42: 121.153.186.156 | N42: 44811 | O42: 접속금지
B43: =IF(D43="","",VLOOKUP(D43,지역코드!$A$2:$C$163,2,0)) -> 142 | C43: =IF(D43="","",VLOOKUP(D43,지역코드!$A$2:$C$163,3,0)) -> 충남 | D43: 부여 | F43: 121.153.186.155:7900 | G43: 172.17.0.1:8081 | H43: buyeo | I43: admin123! | J43: 둔차주차 관측서버 | K43: 50.1.1.120:13389 | L43: WBEarly | M43: !086Piy? | N43: 44811 | O43: 접속금지
B44: =IF(D44="","",VLOOKUP(D44,지역코드!$A$2:$C$163,2,0)) -> 142 | C44: =IF(D44="","",VLOOKUP(D44,지역코드!$A$2:$C$163,3,0)) -> 충남 | D44: 부여 | F44: 121.153.186.155:7900 | G44: 172.17.0.1:8081 | H44: buyeo | I44: admin123! | J44: 둔치주차 DB중계서버 | K44: 40.1.1.120:13389 | L44: administrator | M44: !086Piy?
B45: =IF(D45="","",VLOOKUP(D45,지역코드!$A$2:$C$163,2,0)) -> 142 | C45: =IF(D45="","",VLOOKUP(D45,지역코드!$A$2:$C$163,3,0)) -> 충남 | D45: 부여 | J45: 백제교 차단기 | K45: 20.79.204.1 | L45: 154 859 143 | M45: woobosys | O45: RustDesk
B46: =IF(D46="","",VLOOKUP(D46,지역코드!$A$2:$C$163,2,0)) -> 146 | C46: =IF(D46="","",VLOOKUP(D46,지역코드!$A$2:$C$163,3,0)) -> 충남 | D46: 예산 | F46: 27.101.63.68:7900 | G46: 172.16.0.1:8081 | H46: yesan | I46: admin123! | J46: Woobo 관측서버 | K46: 20.100.0.100:13389 | L46: administrator | M46: !086Piy?
B47: =IF(D47="","",VLOOKUP(D47,지역코드!$A$2:$C$163,2,0)) -> 147 | C47: =IF(D47="","",VLOOKUP(D47,지역코드!$A$2:$C$163,3,0)) -> 충남 | D47: 천안 | F47: 220.83.251.130:7900 | G47: 172.16.0.1:8081 | H47: cheonan | I47: admin123! | J47: Woobo 관측서버 | K47: 20.200.0.100:36956(13389) | L47: WBEarly | M47: 꽌리자100@ | N47: 44765 | O47: (예경보관측서버, 조은기술 관리)
B48: =IF(D48="","",VLOOKUP(D48,지역코드!$A$2:$C$163,2,0)) -> 147 | C48: =IF(D48="","",VLOOKUP(D48,지역코드!$A$2:$C$163,3,0)) -> 충남 | D48: 천안 | F48: 220.83.251.130:7900 | G48: 172.16.0.1:8081 | H48: cheonan | I48: admin123! | J48: STR 수집서버 | K48: 20.200.0.101:36956(13389) | L48: WBEarly | M48: 꽌리자100@ | N48: 44765 | O48: (급경사수집서버, 조은기술 관리)
B49: =IF(D49="","",VLOOKUP(D49,지역코드!$A$2:$C$163,2,0)) -> 150 | C49: =IF(D49="","",VLOOKUP(D49,지역코드!$A$2:$C$163,3,0)) -> 충남 | D49: 홍성 | F49: 27.101.62.6:7900 | G49: 172.16.0.1:8081 | H49: hongseong | I49: admin123! | J49: Woobo 관측서버 | K49: 20.200.0.100:13389 | L49: administrator | M49: !086Piy?
B50: =IF(D50="","",VLOOKUP(D50,지역코드!$A$2:$C$163,2,0)) -> 155 | C50: =IF(D50="","",VLOOKUP(D50,지역코드!$A$2:$C$163,3,0)) -> 충북 | D50: 옥천 | F50: 27.101.144.28:7900 | G50: 172.16.0.1:8081 | H50: okcheon | I50: admin123! | J50: Woobo 관측서버 | K50: 20.10.0.100:13389 | L50: administrator | M50: !086Piy?
B51: =IF(D51="","",VLOOKUP(D51,지역코드!$A$2:$C$163,2,0)) -> 155 | C51: =IF(D51="","",VLOOKUP(D51,지역코드!$A$2:$C$163,3,0)) -> 충북 | D51: 옥천 | F51: 220.83.62.194:50005 | H51: okcheon | I51: oc13579!@ | O51: 세기 단독망 안랩 방화벽 W00119407 TB70B
B52: =IF(D52="","",VLOOKUP(D52,지역코드!$A$2:$C$163,2,0)) -> 158 | C52: =IF(D52="","",VLOOKUP(D52,지역코드!$A$2:$C$163,3,0)) -> 충북 | D52: 증평 | F52: 221.160.55.184:7900 | G52: 172.16.0.1:8081 | H52: jeungpyeong | I52: admin123! | J52: Woobo 관측서버 | K52: 20.200.0.100:13389 | L52: administrator | M52: !086Piy?
B53: =IF(D53="","",VLOOKUP(D53,지역코드!$A$2:$C$163,2,0)) -> 158 | C53: =IF(D53="","",VLOOKUP(D53,지역코드!$A$2:$C$163,3,0)) -> 충북 | D53: 증평 | F53: 221.160.55.184:7900 | G53: 172.16.0.1:8081 | H53: jeungpyeong | I53: admin123! | J53: Woobo DB서버 | K53: 20.200.0.200:13389 | L53: administrator | M53: !086Piy? | O53: 관측서버에서만 접근가능
B54: =IF(D54="","",VLOOKUP(D54,지역코드!$A$2:$C$163,2,0)) -> 156 | C54: =IF(D54="","",VLOOKUP(D54,지역코드!$A$2:$C$163,3,0)) -> 충북 | D54: 음성 | L54: administrator | M54: 음성군!@34 | O54: 관측서버에서만 접근가능
B55: 7 | C55: 인천 | D55: 옥련2동 | J55: 실황표시기 | L55: 374 964 688 | M55: Woobosys4781! | O55: Rustdesk
B56: 7 | C56: 인천 | D56: 옥련2동 | J56: Woobo 관측서버 | K56: 101.4.4.202 | O56: 실황표시기 -> mstsc
B57: 7 | C57: 인천 | D57: 부평 | J57: Woobo 관측서버 | L57: 164 901 716 | M57: Woobo4781 | O57: Rustdesk
B58: 7 | C58: 인천 | D58: 남동 | J58: Woobo 관측서버 | K58: http://192.168.50.102/ | L58: 27 461 802 | M58: Woobo4781 | O58: Rustdesk
B59: =IF(D59="","",VLOOKUP(D59,지역코드!$A$2:$C$163,2,0)) -> 12 | C59: 강원 | D59: 동해 | J59: 침수차단 서버 | L59: 48 860 833 | M59: Woobosys4781! | O59: Rustdesk
B60: =IF(D60="","",VLOOKUP(D60,지역코드!$A$2:$C$163,2,0)) -> 21 | C60: 강원 | D60: 철원 | J60: 기상관측 서버 | L60: 442 282 476 | M60: Woobosys4781! | O60: Rustdesk
B61: =IF(D61="","",VLOOKUP(D61,지역코드!$A$2:$C$163,2,0)) -> 149 | C61: 충남 | D61: 태안 | J61: 상황표시기 | L61: 225 092 550 | M61: woobo4781 | O61: Rustdesk
B62: =IF(D62="","",VLOOKUP(D62,지역코드!$A$2:$C$163,2,0)) -> 149 | C62: 충남 | D62: 태안 | J62: Woobo 관측서버 | L62: 432 239 058 | M62: Woobosys4781! | O62: Rustdesk
B63: =IF(D63="","",VLOOKUP(D63,지역코드!$A$2:$C$163,2,0)) -> 144 | C63: 충남 | D63: 서천 | J63: Woobo 관측서버 | L63: 164 938 533 | M63: Woobo4781 | O63: Rustdesk
B64: =IF(D64="","",VLOOKUP(D64,지역코드!$A$2:$C$163,2,0)) -> 45 | C64: =IF(D64="","",VLOOKUP(D64,지역코드!$A$2:$C$163,3,0)) -> 경기 | D64: 양주 | F64: 1.212.72.162:7900 | G64: 172.16.0.1:8081 | H64: yangju | I64: admin123! | J64: 관측서버 | K64: 20.200.0.100:13389 | L64: administrator | M64: !086Piy?
B65: =IF(D65="","",VLOOKUP(D65,지역코드!$A$2:$C$163,2,0)) -> 9 | C65: =IF(D65="","",VLOOKUP(D65,지역코드!$A$2:$C$163,3,0)) -> 제주 | D65: 제주 | J65: 기상관측 서버(신) | K65: 59.8.86.74:13389 | L65: administrator | M65: !086Piy? | N65: 45505
B66: =IF(D66="","",VLOOKUP(D66,지역코드!$A$2:$C$163,2,0)) -> 9 | C66: =IF(D66="","",VLOOKUP(D66,지역코드!$A$2:$C$163,3,0)) -> 제주 | D66: 제주 | J66: 기상관측 서버(구) | K66: 59.8.86.81:3389 | L66: administrator | M66: admin@2021 | N66: 45505
B67: =IF(D67="","",VLOOKUP(D67,지역코드!$A$2:$C$163,2,0)) -> 82 | C67: =IF(D67="","",VLOOKUP(D67,지역코드!$A$2:$C$163,3,0)) -> 경북 | D67: 김천 | F67: 59.24.116.245 | G67: Woobo | H67: qwer13579! | J67: 지오맥스 | K67: 172.4.1.10 | L67: administrator | M67: Server@369 | N67: 45505 | O67: SNIPER SSL V2.1_R50 프로그램
D68: 남동구청 | J68: 재난예경보 시스템(구) | K68: http://192.168.50.200/ | L68: 252893405 | M68: Woobosys4781!
D69: 동대문구 | L69: 531 264 272 | M69: Woobosys4781!
D70: 동대문구청_도로과 표시기 | L70: 163 053 774 | M70: Woobosys4781!
B71: =IF(D71="","",VLOOKUP(D71,지역코드!$A$2:$C$163,2,0)) -> 116 | C71: =IF(D71="","",VLOOKUP(D71,지역코드!$A$2:$C$163,3,0)) -> 전남 | D71: 장성 | F71: 112.217.78.250 | G71: 172.16.0.1:8081 | I71: admin123! | L71: administrator | M71: !086Piy?
B72: =IF(D72="","",VLOOKUP(D72,지역코드!$A$2:$C$163,2,0)) -> 106 | C72: =IF(D72="","",VLOOKUP(D72,지역코드!$A$2:$C$163,3,0)) -> 전남 | D72: 담양 | F72: 1.223.5.42 | G72: 172.16.0.1:8081 | I72: admin123! | K72: 20.200.0.101:13389 | L72: Administrator | M72: !086Piy? | O72: 25/6/9 구서버 .100 신서버 .101
B73: =IF(D73="","",VLOOKUP(D73,지역코드!$A$2:$C$163,2,0)) -> 11 | C73: =IF(D73="","",VLOOKUP(D73,지역코드!$A$2:$C$163,3,0)) -> 강원 | D73: 고성 | F73: 152.99.176.92
C75: 증평 | D75: 해병전우회 LPR | L75: 10 114 014 | M75: Woobosys4781! | N75: 45722 | O75: Rustdesk
C76: 증평 | D76: 보강천 LPR | L76: 263 641 019 | M76: Woobosys4781! | N76: 45722 | O76: Rustdesk
C77: 증평 | D77: 물놀이장 LPR | L77: 263 640 983 | M77: Woobosys4781! | N77: 45722 | O77: Rustdesk
C78: 증평 | D78: 증평주공 출구 LPR | L78: 179 090 935 | M78: 모름 | N78: 45722 | O78: Rustdesk
C79: 증평 | D79: 증평주공 입구 LPR | L79: 179 090 168 | M79: 모름 | N79: 45722 | O79: Rustdesk
C80: 증평 | D80: 해병대 전광판 | L80: 240 7239 557 | M80: ID 없음 | N80: 45722 | O80: Rustdesk
D81: 양산
I741: 항골계곡 상류 | P741: 북평리 876 | V741: 152.99.171.181
I742: " | P742: " | T742: "
I743: 항골계곡 중류 | L743: 예경보 | M743: EWALT | P743: 북평리 산136-4 | V743: 012-4214-9231 | W743: 211.34.105.29 | X743: 4096
I744: 북평5리 마을회관 | L744: 마을방송 | M744: EWALT | P744: 북평리 319-29 | V744: 012-3328-6318 | W744: 211.34.105.29 | X744: 4096
I745: 덕산1교 | L745: 예경보 | M745: EWALT | P745: 덕우리 산 17-7 | V745: 012-4214-9230 | W745: 211.34.105.29 | X745: 4096
I746: 덕산2교 | L746: 예경보 | M746: EWALT | P746: 덕우리 산 17-9 | V746: 012-4214-9234 | W746: 211.34.105.29 | X746: 4096
I747: 덕산3교 | M747: EWALT | P747: 덕우리 239-3 | V747: 012-4214-9232 | W747: 211.34.105.29 | X747: 4096
I748: 덕산기계곡 | M748: EWALT | P748: 덕우리 233 | V748: 012-4214-9233 | W748: 211.34.105.29 | X748: 4096
V1076: 20.160.17.1

Sheet 지역정보
A2: 지역 | E2: 재해위험지역코드 | G2: 지구명 | Y2: 위험경보발령 임계치
D3: 도입년도 | H3: 일련번호 | I3: 명칭 | L3: 종류 | M3: 장비명 | N3: 모델명 | O3: 버전 | P3: 주소 | R3: 위도 | S3: 경도 | T3: CID | U3: G/W | V3: IP | W3: PORT | X3: 수위 | AD3: 확인 | AE3: 비고 | AF3: 유지보수
A4: 코드 | B4: 시/도 | C4: 시/군 | E4: 법정동코드 | F4: 종류 | X4: EL값 | Y4: 관심(01) | Z4: 주의(02) | AA4: 경계(03) | AB4: 심각(04) | AC4: 대피(05) | AD4: (□ / ■)
A5: 서울시청 / 동대문구 적설관측시스템 구매 설치
A6: =IF(C6="","",VLOOKUP(C6,지역코드!$A$2:$C$163,2,0)) -> 0 | B6: 서울 | C6: 서울
A8: 광주시청 / 장등저수지
A9: =IF(C9="","",VLOOKUP(C9,지역코드!$A$2:$C$163,2,0)) -> 1 | B9: =IF(C9="","",VLOOKUP(C9,지역코드!$A$2:$C$163,3,0)) -> 광주 | C9: 광주 | I9: 서버
A10: =IF(C10="","",VLOOKUP(C10,지역코드!$A$2:$C$163,2,0)) -> 1 | B10: =IF(C10="","",VLOOKUP(C10,지역코드!$A$2:$C$163,3,0)) -> 광주 | C10: 광주 | I10: 장등저수지 | L10: 라우터 | M10: IPT-422 | P10: 장등동 산 121-6 | R10: - | S10: - | T10: 012-2517-1995 | U10: 121.147.160.193 | V10: 20.200.1.1 | W10: 80
A11: =IF(C11="","",VLOOKUP(C11,지역코드!$A$2:$C$163,2,0)) -> 1 | B11: =IF(C11="","",VLOOKUP(C11,지역코드!$A$2:$C$163,3,0)) -> 광주 | C11: 광주 | I11: " | L11: 강우 | M11: EWRAIN | P11: " | R11: 35.214634 | S11: 126.92295 | T11: " | U11: 20.200.1.1 | V11: 20.200.1.2 | W11: 4096
A12: =IF(C12="","",VLOOKUP(C12,지역코드!$A$2:$C$163,2,0)) -> 1 | B12: =IF(C12="","",VLOOKUP(C12,지역코드!$A$2:$C$163,3,0)) -> 광주 | C12: 광주 | I12: " | L12: 수위 | M12: EWWATER | P12: " | R12: 35.214671 | S12: 126.92294 | T12: " | U12: 20.200.1.1 | V12: 20.200.1.2 | W12: 4096
A13: =IF(C13="","",VLOOKUP(C13,지역코드!$A$2:$C$163,2,0)) -> 1 | B13: =IF(C13="","",VLOOKUP(C13,지역코드!$A$2:$C$163,3,0)) -> 광주 | C13: 광주 | I13: 장등저수지 | L13: 라우터 | M13: IPT-422 | P13: 장등동 산 121-6 | R13: - | S13: - | T13: 012-2517-2321 | U13: 121.147.160.193 | V13: 20.200.2.1 | W13: 80
A14: =IF(C14="","",VLOOKUP(C14,지역코드!$A$2:$C$163,2,0)) -> 1 | B14: =IF(C14="","",VLOOKUP(C14,지역코드!$A$2:$C$163,3,0)) -> 광주 | C14: 광주 | I14: "_1 | L14: 변위 | M14: EWPP | P14: " | R14: 35.214599 | S14: 126.92295 | T14: " | U14: 20.200.2.1 | V14: 20.200.2.9 | W14: 4096
A15: =IF(C15="","",VLOOKUP(C15,지역코드!$A$2:$C$163,2,0)) -> 1 | B15: =IF(C15="","",VLOOKUP(C15,지역코드!$A$2:$C$163,3,0)) -> 광주 | C15: 광주 | I15: "_2 | L15: 변위 | M15: EWPP | P15: " | R15: 35.21458 | S15: 126.9229 | T15: " | U15: 20.200.2.1 | V15: 20.200.2.9 | W15: 4096
A16: =IF(C16="","",VLOOKUP(C16,지역코드!$A$2:$C$163,2,0)) -> 1 | B16: =IF(C16="","",VLOOKUP(C16,지역코드!$A$2:$C$163,3,0)) -> 광주 | C16: 광주 | I16: 장등저수지 | L16: 예경보 | M16: EWALT | P16: 장등동 1016-1 | R16: 35.215011 | S16: 126.92957 | T16: 012-5491-3547 | V16: 211.34.105.29 | W16: 4096
A17: 부산시청 / 부산 동래구청 지하차도 침수차단 구매 설치
A18: =IF(C18="","",VLOOKUP(C18,지역코드!$A$2:$C$163,2,0)) -> 4 | B18: =IF(C18="","",VLOOKUP(C18,지역코드!$A$2:$C$163,3,0)) -> 부산 | C18: 부산
A19: 부산시청 / 부산 남구청_동천변 재난대응 조기경보시스템 수위계 제작구매
A20: =IF(C20="","",VLOOKUP(C20,지역코드!$A$2:$C$163,2,0)) -> 4 | B20: =IF(C20="","",VLOOKUP(C20,지역코드!$A$2:$C$163,3,0)) -> 부산 | C20: 부산
A21: 세종시청 / 북암천 수위센서 설치
A22: =IF(C22="","",VLOOKUP(C22,지역코드!$A$2:$C$163,2,0)) -> 5 | B22: =IF(C22="","",VLOOKUP(C22,지역코드!$A$2:$C$163,3,0)) -> 세종 | C22: 세종 | L22: 수위 | P22: 읍내리 57-2 | R22: 36.68601 | S22: 127.2009
A23: 인천시청 / 기상관측
A24: =IF(C24="","",VLOOKUP(C24,지역코드!$A$2:$C$163,2,0)) -> 7 | B24: =IF(C24="","",VLOOKUP(C24,지역코드!$A$2:$C$163,3,0)) -> 인천 | C24: 인천 | D24: " | I24: 서버 | P24: IDC6F 재난안전상황실 | V24: 101.0.116.157 | W24: 80,8021
A25: =IF(C25="","",VLOOKUP(C25,지역코드!$A$2:$C$163,2,0)) -> 7 | B25: =IF(C25="","",VLOOKUP(C25,지역코드!$A$2:$C$163,3,0)) -> 인천 | C25: 인천 | D25: " | I25: 상황판1 | P25: 본관3F 시민안전본부장실 | V25: 101.0.32.3
A26: =IF(C26="","",VLOOKUP(C26,지역코드!$A$2:$C$163,2,0)) -> 7 | B26: =IF(C26="","",VLOOKUP(C26,지역코드!$A$2:$C$163,3,0)) -> 인천 | C26: 인천 | D26: " | I26: 상황판2 | P26: 본관5F 재난예방과 | V26: 101.0.93.24
A27: =IF(C27="","",VLOOKUP(C27,지역코드!$A$2:$C$163,2,0)) -> 7 | B27: =IF(C27="","",VLOOKUP(C27,지역코드!$A$2:$C$163,3,0)) -> 인천 | C27: 인천 | D27: "
A28: =IF(C28="","",VLOOKUP(C28,지역코드!$A$2:$C$163,2,0)) -> 7 | B28: =IF(C28="","",VLOOKUP(C28,지역코드!$A$2:$C$163,3,0)) -> 인천 | C28: 인천 | D28: "
A29: 인천 남동구청 / 기상관측
A30: =IF(C30="","",VLOOKUP(C30,지역코드!$A$2:$C$163,2,0)) -> 7 | B30: =IF(C30="","",VLOOKUP(C30,지역코드!$A$2:$C$163,3,0)) -> 인천 | C30: 인천 | D30: " | I30: 서버 | P30: 남동구청 | V30: 105.5.36.28
A31: =IF(C31="","",VLOOKUP(C31,지역코드!$A$2:$C$163,2,0)) -> 7 | B31: =IF(C31="","",VLOOKUP(C31,지역코드!$A$2:$C$163,3,0)) -> 인천 | C31: 인천 | D31: " | I31: 남동구청 | L31: 강우 | M31: EWRAIN | P31: 만수동 1008 | R31: 37.44735 | S31: 126.7315 | V31: 101.5.36.91 | W31: 4096
A32: =IF(C32="","",VLOOKUP(C32,지역코드!$A$2:$C$163,2,0)) -> 7 | B32: =IF(C32="","",VLOOKUP(C32,지역코드!$A$2:$C$163,3,0)) -> 인천 | C32: 인천 | D32: " | I32: 구월3동 | L32: 강우 | M32: EWRAIN | P32: 구월동 1098-7 | R32: 37.4527 | S32: 126.6969 | V32: 101.5.220.112 | W32: 4096
A33: =IF(C33="","",VLOOKUP(C33,지역코드!$A$2:$C$163,2,0)) -> 7 | B33: =IF(C33="","",VLOOKUP(C33,지역코드!$A$2:$C$163,3,0)) -> 인천 | C33: 인천 | D33: " | I33: 논현1동 | L33: 강우 | M33: EWRAIN | P33: 논현동 603-5 | R33: 37.40569 | S33: 126.7293 | V33: 101.5.229.81 | W33: 4096
A34: =IF(C34="","",VLOOKUP(C34,지역코드!$A$2:$C$163,2,0)) -> 7 | B34: =IF(C34="","",VLOOKUP(C34,지역코드!$A$2:$C$163,3,0)) -> 인천 | C34: 인천 | D34: " | I34: 공단소방서 | L34: 라우터 | M34: IPR-422 | P34: 고잔동 633 | R34: 37.40813 | S34: 126.693 | T34: 012-2560-6592 | V34: 20.137.16.1 | W34: 80
A35: =IF(C35="","",VLOOKUP(C35,지역코드!$A$2:$C$163,2,0)) -> 7 | B35: =IF(C35="","",VLOOKUP(C35,지역코드!$A$2:$C$163,3,0)) -> 인천 | C35: 인천 | D35: " | I35: " | L35: 강우 | P35: " | R35: " | S35: " | T35: " | U35: 20.137.16.1 | V35: 20.137.16.2 | W35: 4096
A36: 인천 남동구청 / 수위관측
A37: =IF(C37="","",VLOOKUP(C37,지역코드!$A$2:$C$163,2,0)) -> 7 | B37: =IF(C37="","",VLOOKUP(C37,지역코드!$A$2:$C$163,3,0)) -> 인천 | C37: 인천 | D37: " | I37: 서버 | P37: 남동구청 | V37: 192.168.50.102
A38: =IF(C38="","",VLOOKUP(C38,지역코드!$A$2:$C$163,2,0)) -> 7 | B38: =IF(C38="","",VLOOKUP(C38,지역코드!$A$2:$C$163,3,0)) -> 인천 | C38: 인천 | D38: " | I38: 서버 | L38: 라우터 | M38: IPR-400W | P38: " | T38: 012-2297-8896
A39: =IF(C39="","",VLOOKUP(C39,지역코드!$A$2:$C$163,2,0)) -> 7 | B39: =IF(C39="","",VLOOKUP(C39,지역코드!$A$2:$C$163,3,0)) -> 인천 | C39: 인천 | D39: " | I39: WCDMA모듈 | L39: WCDMA | M39: TX-700 | P39: " | T39: 012-5446-2254
A40: =IF(C40="","",VLOOKUP(C40,지역코드!$A$2:$C$163,2,0)) -> 7 | B40: =IF(C40="","",VLOOKUP(C40,지역코드!$A$2:$C$163,3,0)) -> 인천 | C40: 인천 | D40: " | I40: 논현포대 | L40: 수위 | M40: KMACBOW | R40: 37.403889 | S40: 126.70583 | V40: 10.0.1.2
A41: =IF(C41="","",VLOOKUP(C41,지역코드!$A$2:$C$163,2,0)) -> 7 | B41: =IF(C41="","",VLOOKUP(C41,지역코드!$A$2:$C$163,3,0)) -> 인천 | C41: 인천 | D41: " | I41: "_예경보 | L41: 예경보 | M41: EWALT | R41: 37.403889 | S41: 126.70593 | T41: 012-5446-2255
A42: =IF(C42="","",VLOOKUP(C42,지역코드!$A$2:$C$163,2,0)) -> 7 | B42: =IF(C42="","",VLOOKUP(C42,지역코드!$A$2:$C$163,3,0)) -> 인천 | C42: 인천 | D42: " | I42: 승기천 | L42: 수위 | M42: KMACBOW | R42: 37.411389 | S42: 126.68972 | V42: 10.0.2.2
A43: =IF(C43="","",VLOOKUP(C43,지역코드!$A$2:$C$163,2,0)) -> 7 | B43: =IF(C43="","",VLOOKUP(C43,지역코드!$A$2:$C$163,3,0)) -> 인천 | C43: 인천 | D43: " | I43: "_예경보 | L43: 예경보 | M43: EWALT | R43: 37.411389 | S43: 126.68982 | T43: 012-5446-2257
A44: =IF(C44="","",VLOOKUP(C44,지역코드!$A$2:$C$163,2,0)) -> 7 | B44: =IF(C44="","",VLOOKUP(C44,지역코드!$A$2:$C$163,3,0)) -> 인천 | C44: 인천 | D44: " | I44: 고잔유수지 | L44: 수위 | M44: KMACBOW | R44: 37.389444 | S44: 126.68861 | V44: 10.0.3.2
A45: =IF(C45="","",VLOOKUP(C45,지역코드!$A$2:$C$163,2,0)) -> 7 | B45: =IF(C45="","",VLOOKUP(C45,지역코드!$A$2:$C$163,3,0)) -> 인천 | C45: 인천 | D45: " | I45: "_예경보 | L45: 예경보 | M45: EWALT | R45: 37.389444 | S45: 126.68871 | T45: 012-5446-2256
A46: 인천 연수구청 / 기상관측
A47: =IF(C47="","",VLOOKUP(C47,지역코드!$A$2:$C$163,2,0)) -> 7 | B47: =IF(C47="","",VLOOKUP(C47,지역코드!$A$2:$C$163,3,0)) -> 인천 | C47: 인천 | I47: 가상화 서버 | L47: 서버 | P47: 연수구청 | V47: 101.4.4.202
A48: =IF(C48="","",VLOOKUP(C48,지역코드!$A$2:$C$163,2,0)) -> 7 | B48: =IF(C48="","",VLOOKUP(C48,지역코드!$A$2:$C$163,3,0)) -> 인천 | C48: 인천 | D48: "? | I48: 동춘3동 | L48: AWS | M48: KMARAIN | T48: - | V48: 101.4.57.232 | W48: 4096
A49: =IF(C49="","",VLOOKUP(C49,지역코드!$A$2:$C$163,2,0)) -> 7 | B49: =IF(C49="","",VLOOKUP(C49,지역코드!$A$2:$C$163,3,0)) -> 인천 | C49: 인천 | D49: " | I49: " | L49: 강우 | M49: " | P49: " | R49: " | S49: " | T49: " | V49: " | W49: "
A50: =IF(C50="","",VLOOKUP(C50,지역코드!$A$2:$C$163,2,0)) -> 7 | B50: =IF(C50="","",VLOOKUP(C50,지역코드!$A$2:$C$163,3,0)) -> 인천 | C50: 인천 | D50: "? | I50: 동춘3동 | L50: 적설 | M50: KMASNOW | T50: - | V50: 101.4.57.232 | W50: 4096
A51: =IF(C51="","",VLOOKUP(C51,지역코드!$A$2:$C$163,2,0)) -> 7 | B51: =IF(C51="","",VLOOKUP(C51,지역코드!$A$2:$C$163,3,0)) -> 인천 | C51: 인천 | D51: "23.11 | I51: 선학동 | L51: AWS | M51: KMAAWS3 | T51: - | V51: 101.4.102.233 | W51: 1024
A52: =IF(C52="","",VLOOKUP(C52,지역코드!$A$2:$C$163,2,0)) -> 7 | B52: =IF(C52="","",VLOOKUP(C52,지역코드!$A$2:$C$163,3,0)) -> 인천 | C52: 인천 | D52: " | I52: " | L52: 강우 | M52: " | P52: " | R52: " | S52: " | T52: " | V52: " | W52: "
A53: =IF(C53="","",VLOOKUP(C53,지역코드!$A$2:$C$163,2,0)) -> 7 | B53: =IF(C53="","",VLOOKUP(C53,지역코드!$A$2:$C$163,3,0)) -> 인천 | C53: 인천 | D53: "? | I53: 송도2동 | L53: AWS | M53: KMAAWS2 | T53: - | V53: 101.4.116.231 | W53: 4096
A54: =IF(C54="","",VLOOKUP(C54,지역코드!$A$2:$C$163,2,0)) -> 7 | B54: =IF(C54="","",VLOOKUP(C54,지역코드!$A$2:$C$163,3,0)) -> 인천 | C54: 인천 | D54: " | I54: " | L54: 강우 | M54: " | P54: " | R54: " | S54: " | T54: " | V54: " | W54: "
A55: =IF(C55="","",VLOOKUP(C55,지역코드!$A$2:$C$163,2,0)) -> 7 | B55: =IF(C55="","",VLOOKUP(C55,지역코드!$A$2:$C$163,3,0)) -> 인천 | C55: 인천 | D55: "? | I55: 송도3동 | L55: AWS | M55: KMAAWS2 | T55: - | V55: 101.4.124.231 | W55: 4096
A56: =IF(C56="","",VLOOKUP(C56,지역코드!$A$2:$C$163,2,0)) -> 7 | B56: =IF(C56="","",VLOOKUP(C56,지역코드!$A$2:$C$163,3,0)) -> 인천 | C56: 인천 | D56: " | I56: " | L56: 강우 | M56: " | P56: " | R56: " | S56: " | T56: " | V56: " | W56: "
A57: =IF(C57="","",VLOOKUP(C57,지역코드!$A$2:$C$163,2,0)) -> 7 | B57: =IF(C57="","",VLOOKUP(C57,지역코드!$A$2:$C$163,3,0)) -> 인천 | C57: 인천 | D57: "? | I57: 송도LNG | L57: KMA | M57: KMADATA | T57: - | V57: 101.4.124.231 | W57: 4096
A58: =IF(C58="","",VLOOKUP(C58,지역코드!$A$2:$C$163,2,0)) -> 7 | B58: =IF(C58="","",VLOOKUP(C58,지역코드!$A$2:$C$163,3,0)) -> 인천 | C58: 인천 | D58: "23.11 | I58: 옥련2동 | L58: AWS | M58: KMAAWS3 | T58: - | V58: 101.4.111.232 | W58: 1024 | AE58: 기상청 코드 : 2178
A59: =IF(C59="","",VLOOKUP(C59,지역코드!$A$2:$C$163,2,0)) -> 7 | B59: =IF(C59="","",VLOOKUP(C59,지역코드!$A$2:$C$163,3,0)) -> 인천 | C59: 인천 | D59: " | I59: " | L59: " | M59: " | P59: " | R59: " | S59: " | T59: " | V59: " | W59: "
A60: =IF(C60="","",VLOOKUP(C60,지역코드!$A$2:$C$163,2,0)) -> 7 | B60: =IF(C60="","",VLOOKUP(C60,지역코드!$A$2:$C$163,3,0)) -> 인천 | C60: 인천 | D60: " | I60: " | L60: 적설 | M60: " | P60: " | R60: " | S60: " | T60: " | V60: " | W60: "
I61: 송도4동 | L61: 라우터 | M61: CLR-L680 | P61: 생활폐기물 | T61: 012-2291-1815 | V61: 223.171.159.32 | W61: 1024
A62: =IF(C62="","",VLOOKUP(C62,지역코드!$A$2:$C$163,2,0)) -> 7 | B62: =IF(C62="","",VLOOKUP(C62,지역코드!$A$2:$C$163,3,0)) -> 인천 | C62: 인천 | D62: "23.11 | I62: " | L62: AWS | M62: KMAAWS3 | P62: " | R62: " | S62: " | T62: " | V62: "(192.168.50.2) | W62: 1024 | AE62: 기상청 코드: 2179
A63: =IF(C63="","",VLOOKUP(C63,지역코드!$A$2:$C$163,2,0)) -> 7 | B63: =IF(C63="","",VLOOKUP(C63,지역코드!$A$2:$C$163,3,0)) -> 인천 | C63: 인천 | D63: " | I63: " | L63: 강우 | M63: " | P63: " | R63: " | S63: " | T63: " | V63: " | W63: "
A64: =IF(C64="","",VLOOKUP(C64,지역코드!$A$2:$C$163,2,0)) -> 7 | B64: =IF(C64="","",VLOOKUP(C64,지역코드!$A$2:$C$163,3,0)) -> 인천 | C64: 인천 | D64: " | I64: " | L64: 적설 | M64: " | P64: " | R64: " | S64: " | T64: " | V64: " | W64: "
A65: 부천시청 / 기상관측
A66: =IF(C66="","",VLOOKUP(C66,지역코드!$A$2:$C$163,2,0)) -> 38 | B66: =IF(C66="","",VLOOKUP(C66,지역코드!$A$2:$C$163,3,0)) -> 경기 | C66: 부천 | I66: 임대 VPN 서버 | L66: VPN | T66: -
A67: =IF(C67="","",VLOOKUP(C67,지역코드!$A$2:$C$163,2,0)) -> 38 | B67: =IF(C67="","",VLOOKUP(C67,지역코드!$A$2:$C$163,3,0)) -> 경기 | C67: 부천 | I67: 상황판 미니PC | L67: 서버 | P67: 연수구청 | T67: - | U67: 105.5.18.254/24 | V67: 105.5.18.151
I68: 관측서버 | L68: 서버 | V68: 105.5.3.201
I69: 도청 | L69: 서버
I70: 원미구청 AWS | L70: AWS | M70: KMAAWS | V70: 172.16.79.126 | W70: 4096
A71: =IF(C71="","",VLOOKUP(C71,지역코드!$A$2:$C$163,2,0)) -> 38 | B71: =IF(C71="","",VLOOKUP(C71,지역코드!$A$2:$C$163,3,0)) -> 경기 | C71: 부천 | T71: -
A72: 제주도청 / 기상관측 강우.적설 | AG72: administrator / admin@2021
I73: 수집서버 | L73: 서버 | P73: 제주도청 | V73: 59.8.86.81 | AE73: 섬 관리
C74: 제주도 | D74: "17.11 | I74: 신도 | L74: 강우 | P74: 신도리 1381-11 | AE74: 24.06 철거
C75: 제주도 | D75: "17.11 | I75: 온평 | L75: 강우 | P75: 온평리 840 | AE75: 24.06 철거
C76: 제주도 | D76: "17.11 | I76: 종당리 | L76: 강우 | P76: 종달리 1113-55 | AE76: 24.06 철거
C77: 제주도 | D77: "17.11 | I77: 노루생태공원 | L77: 강우 | P77: 봉개동 산 51-2 | AE77: 24.06 철거
C78: 제주도 | D78: "17.11 | I78: 금성 | L78: 강우 | P78: 금성리 630-2 | AE78: 24.06 철거
C79: 제주도 | D79: "17.11 | I79: 하귀 | L79: 강우 | P79: 하귀1리 530-1 | AE79: 24.06 철거
C80: 제주도 | D80: "17.11 | I80: 월령 | L80: 강우 | P80: 월령리 424-1 | AE80: 24.06 철거
C81: 제주도 | D81: "17.11 | I81: 협재 | L81: 강우 | P81: 협재리 1561-1 | AE81: 24.06 철거
C82: 제주도 | D82: "14.08 | I82: 모슬포 예비군훈련장 앞 | L82: 적설 | N82: 정한전자 | P82: 상모리 3391-6 | AE82: 24.06 철거
C83: 제주도 | D83: "14.08 | I83: 토평 감귤유통센터 앞 | L83: 적설 | N83: 정한전자 | P83: 도평동 3245 | AE83: 24.06 철거
C84: 제주도 | D84: "14.08 | I84: 번영로 제원목장 앞 | L84: 적설 | N84: 정한전자 | P84: 송당리 산 286-3 | AE84: 24.06 철거
C85: 제주도 | D85: "14.08 | I85: 평화로 입구 | L85: 적설 | N85: 정한전자 | P85: 광령리 119-3 | AE85: 24.06 철거
C86: 제주도 | D86: "14.08 | I86: 해병9여단 | L86: 적설 | N86: 정한전자 | P86: 연동 580-1 | AE86: 24.06 철거
C87: 제주도 | D87: "14.08 | I87: 삼다수공장 입구 | L87: 적설 | N87: 정한전자 | P87: 교래리 산34-3 | AE87: 24.06 철거
C88: 제주도 | D88: "14.08 | I88: 금악 이시돌목장 | L88: 적설 | N88: 정한전자 | P88: 금악리 3453도 | AE88: 24.06 철거
A89: 제주도청 / 기상관측 강우.적설 | AG89: administrator / admin@2021
C90: 제주도 | D90: "24.06 | I90: 기상관측_연계서버 | L90: 서버 | N90: SS4188 | P90: 제주도청
C91: 제주도 | D91: "24.06 | I91: 기상관측_관측서버 | L91: 서버 | P91: 제주도청 | U91: /25 | V91: 59.8.86.74 | AE91: 24.06 추가
C92: 제주도 | D92: 기존 | I92: 별빛공원 | L92: 강우 | P92: 오등동 산 34 | V92: lterain7706.ddns.net | W92: 4096
C93: 제주도 | D93: 기존 | I93: 광령1리 | P93: 광령리 1270-1 | V93: lterain5818
C94: 제주도 | D94: 기존 | I94: 돌문화공원 | P94: 교래리 산119 | V94: lterain5642
C95: 제주도 | D95: 기존 | I95: 수망 | P95: 수망리 301-2 | V95: lterain5645
C96: 제주도 | D96: 기존 | I96: 송당 | P96: 송당리 1266 | V96: lterain0676
C97: 제주도 | D97: 기존 | I97: 덕천 | P97: 덕천리 311 | V97: lterain0671
C98: 제주도 | D98: 기존 | I98: 만장굴 | P98: 월정리 산41-15 | V98: lterain0677
C99: 제주도 | D99: 기존 | I99: 동복 | P99: 동복리 1462 | V99: lterain8724
C100: 제주도 | D100: 기존 | I100: 종달 | P100: 종달리 1113-55 | V100: lterain0679
C101: 제주도 | D101: 기존 | I101: 행원 | P101: 행원리 21 | V101: lterain8723
C102: 제주도 | D102: 기존 | I102: 노형 | P102: 노형동 315-7 | V102: lterain0680
...

Sheet NDMS정보
C5: 강원 | D5: 원주시 | E5: 무진 | F5: 재해위험 개선지구 | G5: 45232
C6: 강원 | D6: 철원군 | E6: 도창 | F6: 재해위험 개선지구 | G6: 45216
C7: 강원 | D7: 철원군 | E7: 이길 | F7: 재해위험 개선지구 | G7: 45216
C8: 강원 | D8: 철원군 | E8: 청양 | F8: 재해위험 개선지구 | G8: 45216
C9: 강원 | D9: 영월군 | E9: 창원2 | F9: 급경사지 | G9: 45219
C10: 강원 | D10: 영월군 | E10: 구래3 | F10: 급경사지 | G10: 45219
C11: 강원 | D11: 영월군 | E11: 법흥2 | F11: 급경사지 | G11: 45219
C12: 강원 | D12: 강릉 | E12: 남대천둔치주차장 | F12: 둔치주차장 차량 침수위험 신속알림 시스템
C13: 강원 | D13: 동해시 | E13: 전천 | F13: 둔치주차장 차량 침수위험 신속알림 시스템
C14: 강원 | D14: 횡성군 | E14: 내지지구 | F14: 하천구역 출입 자동차단 시스템
C15: 강원 | D15: 정선군 | E15: 선명A | F15: 조기경보시스템(급경사지)
C16: 강원 | D16: 정선군 | E16: 운치3 | F16: 조기경보시스템(급경사지)
C17: 강원 | D17: 정선군 | E17: 덕송3 | F17: 조기경보시스템(급경사지)
C18: 경기 | D18: 안성시 | E18: 안성천 둔치 1 주차장 | F18: 둔치주차장 차량 침수위험 신속알림 시스템
C19: 경기 | D19: 안성시 | E19: 안성천 둔치 2 주차장 | F19: 둔치주차장 차량 침수위험 신속알림 시스템
C20: 경기 | D20: 안성시 | E20: 안성천 둔치 3 주차장 | F20: 둔치주차장 차량 침수위험 신속알림 시스템
C21: 경기 | D21: 안성시 | E21: 청미천 둔치주차장 | F21: 둔치주차장 차량 침수위험 신속알림 시스템
C22: 경남 | D22: 합천군 | E22: 영창주공 | F22: 둔치주차장 차량 침수위험 신속알림 시스템
C23: 경북 | D23: 영천시 | E23: 가천 | F23: 재해위험 개선지구
... C75: 충북 | D75: 증평군 | E75: 보강천 둔치주차장 | F75: 둔치주차장 차량 침수위험 신속알림 시스템
I733: 항골계곡 상류 | P733: 북평리 876 | V733: 152.99.171.181
I734: " | P734: " | T734: "
I735: 항골계곡 중류 | L735: 예경보 | M735: EWALT | P735: 북평리 산136-4 | V735: 012-4214-9231 | W735: 211.34.105.29 | X735: 4096
I736: 북평5리 마을회관 | L736: 마을방송 | M736: EWALT | P736: 북평리 319-29 | V736: 012-3328-6318 | W736: 211.34.105.29 | X736: 4096
I737: 덕산1교 | L737: 예경보 | M737: EWALT | P737: 덕우리 산 17-7 | V737: 012-4214-9230 | W737: 211.34.105.29 | X737: 4096
I738: 덕산2교 | L738: 예경보 | M738: EWALT | P738: 덕우리 산 17-9 | V738: 012-4214-9234 | W738: 211.34.105.29 | X738: 4096
I739: 덕산3교 | M739: EWALT | P739: 덕우리 239-3 | V739: 012-4214-9232 | W739: 211.34.105.29 | X739: 4096
I740: 덕산기계곡 | M740: EWALT | P740: 덕우리 233 | V740: 012-4214-9233 | W740: 211.34.105.29 | X740: 4096
V1068: 20.160.17.1

Sheet VPN 정보
C5: 양구군청 | F5: Axgate 80D | H5: 임대
C6: 1
C7: 2
C8: 3
C9: 4
C10: 5
C11: 6
C12: 7
C13: 8
C14: 9
C15: 옥천 | F15: Axgate 300S | H15: 임대
C16: 1
C17: 2
C18: 3
C19: 4
C20: 5
C21: 6
C22: 7
C23: 8
C24: 9
C25: 10
C26: 11
C27: 12
... C51: 36
C52: 부여 | F52: Axgate 80D | H52: 임대
C53: 1
C54: 2
C55: 3
C56: 4
C57: 5
C58: 6
C59: 7
C60: 공주 | F60: Axgate 80D | H60: 임대
C61: 1
C62: 2
C63: 3
C64: 4
C65: 5
C66: 6
C67: 7
C68: 8
C69: 9
C70: 10
C71: 11
C72: 12
... C77: 17
C78: 김제 | F78: Axgate 200 | H78: 판매
C79: 1
C80: 2
C81: 3
C82: 4
C83: 5
C84: 6
C85: 7
C86: 8
C87: 9
C88: 10
C89: 11
C90: 12
... C111: 33
C112: 영덕 | F112: Axgate 80D | H112: 임대
C113: 1
C114: 당진 | F114: Axgate 80D | H114: 임대
C115: 1
C116: 2
C117: 3
C118: 4
C119: 5
C120: 6
C121: 7
C122: 8
C123: 9
C124: 예산 | F124: Axgate 80D | H124: 임대
C125: 1
C126: 2
C127: 3
C128: 4
C129: 5
C130: 6
C131: 7
C132: 8
C133: 9
C134: 10
C135: 함안 | F135: Axgate 80D | H135: 판매
C136: 1
C137: 2
C138: 단양 | F138: Axgate 80D | H138: 판매
C139: 1
C140: 2
C141: 정선 | F141: Axgate 80D | H141: 판매
C142: 1
C143: 2
C144: 3
C145: 4
C146: 5
C147: 6
C148: 7
C149: 8
C150: 9
C151: 10
...

Sheet 제품사양
B6: OS 설치일 | E6: 약칭 | F6: 제조사 | G6: 모델명 | H6: OS | I6: CPU | J6: RAM | K6: HDD | L6: HDD(C:) | M6: HDD(D:) | N6: HDD(E:) | O6: XAMPP | P6: Apache | Q6: PHP | R6: MySQL | T6: IP | U6: IP2 | V6: G/W
C7: 증평 | E7: HPE DL20 | F7: HPE | G7: ProLiant DL20 Gen10 | H7: Windows Server 2019 Standard | I7: Xeon E-2224@3.4GHz(1Socket, 4Core, 4Thread) | J7: 16GB | L7: 1TB | M7: 1TB | O7: 3.3.0 | P7: 2.4.53 | Q7: 7.4.28 | R7: 10.4.24 | T7: 20.200.0.100 | V7: 20.200.0.1 / 24
C9: 진안 | E9: DELL R740 | F9: DELL | G9: PowerEdge R740 | H9: Windwos Server 2019 Standard | I9: Xeon Gold 5222@3.8GHz(2Socket, 8Core, 16Thread) | J9: 32GB | K9: DELL PERC H750 2TB | L9: 1TB | M9: 1TB | O9: 3.3.0 | P9: 2.4.53 | Q9: 8.1.4 | R9: 10.4.24
C11: 고창 | E11: DELL R740 | F11: DELL | G11: PowerEdge R740 | H11: Windwos Server 2019 Standard | I11: Xeon Gold 5222@3.8GHz(2Socket, 8Core, 16Thread) | J11: 32GB | K11: DELL PERC H750 2TB | L11: 1TB | M11: 1TB | O11: 3.2.4 | P11: 2.4.46 | Q11: 7.4.11 | R11: 10.4.14 | T11: 20.130.0.100 | V11: 20.130.0.1 / 24
C13: 부여 | E13: HPE DL360 | F13: HPE | G13: ProLiant DL360 Gen10 | H13: Windows Server 2019 Standard | I13: Xeon Silver 4210R@2.4GHz(1Socket, 10Core, 20Thread) | J13: 16GB | K13: SAS 1.2TB *2, RAID1 | L13: 300 | M13: 800
C15: 공주 | E15: DELL R540 | F15: DELL | G15: PowerEdge R540 | H15: Windows Server 2019 Standard | I15: Xeon Silver 4210R@2.4GHz(1Socket, 10Core, 20Thread) | J15: 16GB | K15: DELL PERC H730P, RAID1 | L15: 1TB | O15: 3.2.4 | P15: 2.4.46 | Q15: 7.4.11 | R15: 10.4.14 | T15: 210.123.195.125 | V15: 210.123.195.126 / 28
C17: 음성 | E17: HPE DL20 | F17: HPE | G17: ProLiant DL20 Gen10 | H17: Windows Server 2019 Standard | I17: Xeon E-2236@3.4Ghz(1Socket, 6Core, 12Thread) | J17: 64GB | L17: 1TB | O17: 3.2.4 | P17: 2.4.46 | Q17: 7.4.11 | R17: 10.4.14
C19: 김제 | D19: 통합발령 | E19: DELL R740 | F19: DELL | G19: PowerEdge R740 | H19: Windows Server 2019 Standard | I19: Xeon Gold 5222@3.8GHz(2Socket, 8Core, 16Thread) | J19: 32GB | O19: 3.3.0 | P19: 2.4.53 | Q19: 7.4.29 | R19: 10.4.24
C20: " | D20: 둔치관측 | E20: DELL R740 | F20: DELL | G20: PowerEdge R740 | H20: Windows Server 2019 Standard | I20: Xeon Gold 5222@3.8GHz(2Socket, 8Core, 16Thread) | J20: 32GB
C22: 무안 | E22: HPE DL20 | F22: HPE | G22: ProLiant DL20 Gen10 | H22: Windows Server 2019 Standard | I22: Xeon E-2224@3.4GHz(1Socket, 4Core, 4Thread) | J22: 16GB | L22: 500GB | M22: 500GB | O22: 3.3.0 | P22: 2.4.53 | Q22: 8.1.4 | R22: 10.4.24 | T22: 20.170.0.100 | V22: 20.170.0.1 / 24
C24: 횡성 | D24: 침수 | E24: DELL R740 | F24: DELL | G24: PowerEdge R740 | H24: Windows Server 2019 Standard | I24: Xeon Silver 4215@2.5GHz(2Socket, 16Core, 32Thread) | J24: 32GB | K24: DELL PERC H730P, 280GB? | L24: 60GB | M24: 215GB | O24: APM7 | P24: 2.2.14 | Q24: 5.2.12 | R24: 5.1.41 | T24: 152.99.149.182 | V24: 152.99.149.254 / 25
C25: " | D25: DB중계 | E25: 용산800 | F25: ASUS | H25: Windows Server 2022 Standard | I25: Xeon E-2124@3.3GHz(1Socket, 4Core, 4Thread) | J25: 16GB | L25: 500GB | M25: 1TB | N25: 1TB | O25: 3.3.0 | P25: 2.4.54 | Q25: 7.4.33 | R25: 10.4.27 | T25: 106.9.91.204 | V25: 106.9.91.254 / 24
B27: 2020.05.14 | C27: 춘천 | D27: 침수 | E27: DELL R740 | F27: DELL | G27: PowerEdge R740 | H27: Windws Server 2019 Standard | I27: Xeon Silver 4215@2.5Ghz(2Socket, 16Core, 32Thread) | J27: 32GB | K27: DELL PERC H730P, 280GB? | L27: 150GB | M27: 126 | O27: APM7 | P27: 2.2.14 | Q27: 5.2.12 | R27: 5.1.41 | T27: 152.99.147.59 | V27: 152.99.147.1 / 25
C29: 강릉 | D29: 침수 | T29: 20.150.0.100 | V29: 20.150.0.1 / 24
B31: 2020.05.20 | C31: 동해 | D31: 침수 | E31: DELL R740 | F31: DELL | G31: PowerEdge R740 | H31: Windws Server 2019 Standard | I31: Xeon Silver 4215@2.5Ghz(2Socket, 16Core, 32Thread) | J31: 32GB | K31: DELL PERC H730P, 280GB? | O31: APM7 | P31: 2.2.14 | Q31: 5.2.12 | R31: 5.1.41 | T31: 152.99.144.55 | V31: 152.99.144.1 / 24
T32: 172.16.77.14 | V32: 172.16.0.1 / 16
C33: 동해 | D33: DB중계 | E33: DELL R540 | F33: DELL | G33: PowerEdge R540 | H33: Windws Server 2019 Standard | I33: Xeon Silver 4210R@2.4Ghz(1Socket, 10Core, 20Thread) | J33: 16GB | L33: 1TB | M33: - | N33: - | O33: - | P33: - | Q33: - | R33: - | T33: 106.4.36.139 | V33: 106.4.36.254 / 25
B34: 2020.05.14? | C34: 삼척 | D34: 침수 | E34: DELL R740 | F34: DELL | G34: PowerEdge R740 | H34: Windws Server 2019 Standard | I34: Xeon Silver 4215@2.5Ghz(2Socket, 16Core, 32Thread) | J34: 32GB | O34: APM7 | P34: 2.2.14 | Q34: 5.2.12 | R34: 5.1.41 | T34: 152.99.147.59
B35: 2018.05.06 | C35: 삼척 | D35: 기상 | E35: DELL R640 | F35: DELL | G35: PowerEdge R640 | H35: Windows Server 2016 Standard | I35: Xeon Gold 5122@3.6GHz(2Socket, 8Core, 16Thread) | J35: 16GB | K35: DELL PERC H730P, 280GB? | L35: 280GB | O35: APM7 | P35: 2.2.14 | Q35: 5.2.12 | R35: 5.1.41 | T35: 106.7.28.45 | V35: 106.7.28.254 / 24
T36: 172.16.79.45 | V36: 172.16.0.1 / 16
B37: 2022.02.08 | C37: 원주 | D37: 급경사지 | E37: DELL R740 | F37: DELL | G37: PowerEdge R740 | H37: Windows Server 2019 Standard | I37: Xeon Gold 5222@3.8GHz(2Socket, 8Core, 16Thread) | J37: 32GB | K37: DELL PERC H750, 2TB? | L37: 1TB | M37: 1TB | O37: 3.3.0 | P37: 2.4.53 | Q37: 7.4.28 | R37: 10.4.24 | T37: 20.200.0.100 | V37: 20.200.0.1 / 24
B38: 2022.02.08 | C38: " | D38: DB중계 | E38: DELL R740 | F38: DELL | G38: PowerEdge R740 | H38: Windows Server 2019 Standard | I38: Xeon Gold 5222@3.8GHz(2Socket, 8Core, 16Thread) | J38: 32GB | K38: DELL PERC H750, 2TB? | L38: 1TB | M38: 1TB | O38: 3.3.0 | R38: 10.4.24 | T38: 106.2.10.191 | V38: 106.2.10.50 / 24
B39: 2018.06.12 | C39: " | D39: 기상 | E39: DELL R530 | F39: DELL | G39: PowerEdge R530 | H39: Windows Server 2012 R2 Standard | I39: Xeon E5 2609 v4@1.7Ghz(1Socket, 8Core, 8Thread) | J39: 8GB | L39: 1TB | M39: X | O39: IIS
B40: 2020.05.14? | C40: " | D40: 침수 | E40: DELL R740 | F40: DELL | G40: PowerEdge R740 | H40: Windows Server 2019 Standard | I40: Xeon Silver 4215@2.5GHz(2Socket, 16Core, 32Thread) | J40: 32GB | T40: 152.99.142.60 | V40: 152.99.142.1 / 24
C42: 영월 | D42: 침수 | E42: Precision 3630 | F42: DELL | G42: Precision 3630 Tower | H42: Windows 10 Pro | I42: Core i5-9500(1Socket, 6Core, 6Thread) | J42: 16GB
B44: 2022.10.21 | C44: 영월 | D44: 급경사지 | E44: DELL R740 | F44: DELL | G44: PowerEdge R740 | H44: Windows Server 2019 Standard | I44: Xeon Gold 5222@3.8GHz(2Socket, 8Core, 16Thread) | J44: 32GB | K44: DELL PERC H750, 2TB? | L44: 1TB | M44: RAID | O44: 3.3.0 | P44: 2.4.53 | Q44: 7.4.29 | R44: 10.4.24 | T44: 20.200.0.100 | V44: 20.200.0.1 / 24
C45: " | D45: DB중계 | E45: DELL R740 | F45: DELL | G45: PowerEdge R740 | H45: Windows Server 2019 Standard | I45: Xeon Gold 5222@3.8GHz(2Socket, 8Core, 16Thread) | J45: 32GB | K45: DELL PERC H750, 2TB? | L45: 1TB | M45: RAID | O45: 3.3.0 | R45: 10.4.24 | T45: 106.10.45.32 | V45: 106.10.45.1 / 24
D46: 수집서버 | E46: DELL R740 | F46: DELL | G46: PowerEdge R740 | H46: Windows Server 2019 Standard | I46: Xeon Gold 5222@3.8GHz(2Socket, 8Core, 16Thread) | J46: 32GB | K46: DELL PERC H750, 2TB? | L46: 2TB | O46: X | R46: 10.3 | T46: 20.200.0.101
D47: 백업서버 | E47: ?? | T47: 20.200.0.102
B49: 2022.06.20 | C49: 철원 | D49: 관측서버 | E49: HPE DL20 | F49: HPE | G49: ProLiant DL20 Gen10 | H49: Windows Server 2019 Standard | I49: Xeon E-2224@3.4GHz(1Socket, 4Core, 4Thread) | J49: 16GB | K49: 1TB | L49: 465GB | M49: 465GB | O49: 3.3.0 | P49: 2.4.53 | Q49: 7.4.29 | R49: 10.4.24 | T49: 20.200.0.100 | V49: 20.200.0.1 / 24
C50: " | D50: DB중계 | E50: HPE DL20 | F50: HPE | G50: ProLiant DL20 Gen10 | H50: Windows Server 2019 Standard | I50: Xeon E-2224@3.4GHz(1Socket, 4Core, 4Thread) | J50: 16GB | K50: 1TB | O50: 3.3.0 | R50: 10.4.24 | T50: 106.13.2.149 | V50: 106.13.2.1 / 24
C52: 정선 | D52: 둔치관측
B53: 2021.08.25 | C53: " | D53: DB중계 | E53: DELL R740 | F53: DELL | G53: PowerEdge R740 | H53: Windows Server 2019 Standard | I53: Xeon Gold 5222@3.8GHz(2Socket, 8Core, 16Thread) | J53: 32GB | K53: DELL PERC H740P, 1TB? | L53: 1TB | M53: x | T53: 106.12.12.142 | V53: 106.12.12.2 / 24
C54: " | D54: 관측서버 | H54: Windows Server 2019 Standard | O54: 3.2.4 | P54: 2.4.46 | Q54: 7.4.33 | R54: 10.4.14 | T54: 152.99.171.182
C57: 합천 | D57: 둔치관측 | E57: DELL R740 | F57: DELL | G57: PowerEdge R740 | H57: Windows Server 2019 Standard | I57: Xeon Gold 5222@3.8Ghz(2Socket, 8Core, 16Thread) | J57: 32GB | L57: 1TB | M57: x | O57: 3.2.4 | P57: 2.4.46 | Q57: 7.4.33 | R57: 10.4.14 | T57: 27.101.90.53 20.110.0.100 | V57: 27.101.90.126 / 25 20.110.0.1 / 24
B59: 2018.12.17 | C59: 안성 | D59: 적설 | E59: DELL R430 | F59: DELL | G59: PowerEdge R430 | H59: Windows Server 2012 R2 Standard | I59: Xeon E5-2620v4@2.1GHz(1Socket, 8Core, 16Thread) | J59: 16GB | L59: 1TB | M59: x | O59: APM7 | P59: 2.2.14 | Q59: 5.2.12 | R59: 5.1.41 | T59: 105.30.7.244 172.16.79.130 | V59: 105.30.7.254 / 24 172.16.0.1 / 16
C60: 안성 | D60: 수위 | E60: DELL R540 | F60: DELL | G60: PowerEdge R540 | H60: Windows Server 2019 Standard | I60: Xeon 4210R@2.4GHz(1Socket, 10Core, 20Thread) | J60: 16GB | O60: 3.2.4 | P60: 2.4.46 | Q60: 7.4.11 | R60: 10.4.14 | T60: 20.160.0.100 | V60: 20.160.0.1 / 24
B61: "2023.06 | C61: 안성 | D61: 둔치관측 | E61: HPE DL20 | F61: HPE | G61: DL20 | H61: Windows Server 2019 Standard | I61: Xeon E-2224@3.4GHz(1Socket, 4Core, 4Thread) | J61: 32GB | O61: 3.3.0 | P61: 2.4.54 | Q61: 7.4.33 | R61: 10.4.27 | T61: 27.101.130.122 | V61: 27.101.130.1 / 24
T62: 20.200.0.100 | V62: 20.200.0.1 / 24
B63: 2020.05.19 | C63: 홍천 | D63: 침수 | E63: DELL R740 | F63: DELL | G63: PowerEdge R740 | H63: Windows Server 2019 Standard | I63: Xeon Silver 4215@2.5GHz(2Socket, 16Core, 32Thread) | J63: 32GB | L63: 60GB | M63: 215GB | O63: APM7 | P63: 2.2.14 | Q63: 5.2.12 | R63: 5.1.41 | T63: 152.99.148.155 172.16.79.202 | V63: 152.99.148.1 / 24 172.16.255.254 / 16 | XFD63: s079sv0202
B64: 2023.06.22 | C64: " | D64: DB중계 | E64: 용산 800 | F64: ASUS
B66: 2018.12.25 | C66: 서귀포 | D66: 기상관측(구) | E66: HPE DL120 | F66: HPE | G66: ProLiant DL120 G7 | H66: Windows Server 2008 R2 Standard SP1 | I66: Xeon E31220@3.1GHz(1Socket/4Core/4Thread) | J66: 4GB | R66: Maria DB 10.4 | T66: 211.34.191.200 192.168.0.231 | V66: 211.34.191.193 / 27 192.168.0.1 / 24
C67: 서귀포 | D67: 기상관측(신) | E67: HPE DL20 | F67: HPE | G67: ProLiant DL20 G10 | H67: Windows Server 2019 Standard | I67: Xeon E2224@3.4GHz(1Socket, 4Core, 4Thread) | J67: 16GB | L67: 1TB | M67: 120GB | O67: 3.3.0 | P67: 2.4.54 | Q67: 7.4.33 | R67: 10.4.27 | T67: 211.34.191.200 (포트포워딩) 192.168.0.231 | V67: 192.168.0.1 / 24
C69: 홍성 | D69: 관측서버 | E69: DELL R540 | F69: DELL | G69: PowerEdge R540 | H69: Windows Server 2019 Standard | I69: Xeon Silver 4210R@2.4Ghz(1Socket, 10Core, 20Thread) | J69: 16GB | L69: 1TB | M69: x | O69: 3.2.4 | P69: 2.4.46 | Q69: 7.4.11 | R69: 10.4.14 | T69: 20.200.0.100 | V69: 20.200.0.1 / 24
D70: DB중계
B73: 2021.06.29 | C73: 목포 | D73: 재난예경보 | E73: DELL R540 | F73: DELL | G73: PowerEdge R540 | H73: Windows Server 2019 Standard | I73: Xeon Silver 4210R@2.4GHz(1Socket, 10Core, 20Thread) | J73: 16GB | O73: 3.2.4 | P73: 2.4.46 | Q73: 7.4.11 | R73: 10.4.14 | T73: 110.1.29.111 | V73: 110.1.29.4 / 24
C75: 서천 | D75: 기상 | E75: DELL R540 | F75: DELL | G75: PowerEdge R540 | H75: Window Server 2012 R2 Standard | I75: Xeon Silver 4110@2.1GHz(1Socket, 8Core, 16Thread) | J75: 16GB | O75: APM7 | P75: 2.2.14 | Q75: 5.2.12 | R75: 5.1.41
C76: 서천 | D76: 기상수집서버 | F76: ASUSTek | G76: RS500-E8-RS4 V2 | H76: Windows Server 2016 Standard | I76: Xeon E5-2620v3@2.4GHz(1Socket, 6Core, 12Thread) | J76: 8GB | T76: 108.10.60.205 108.10.2.153 | V76: 108.10.2.254 / 24
T77: 172.16.79.16 | V77: 172.16.0.1 / 16
B79: 2022.05.26 | C79: 이천 | D79: 둔치주차 | E79: DELL R540 | F79: DELL | G79: PowerEdge R540 | H79: Windows Server 2019 Standard | I79: Xeon Silver 4210R@2.4GHz(1Socket, 10Core, 20Thread) | J79: 16GB | O79: 3.3.0 | P79: 2.4.53 | Q79: 7.4.29 | R79: 10.4.24 | T79: 27.101.121.82 | V79: 27.101.121.1 / 25
C81: 화천 | D81: 침수 | E81: DELL R540 | F81: DELL | G81: PowerEdge R540 | H81: Windows Server 2016 Standard | I81: Xeon Silver 4210@2.2GHz(1Socket, 10Core, 20Thread) | J81: 16GB | T81: 106.14.15.226 | V81: 106.14.15.1 / 24
T82: 172.16.79.190 | V82: 172.16.0.1 / 16
B84: 2022.03.17 | C84: 영천 | D84: 조기경보 | E84: DELL R740 | F84: DELL | G84: PowerEdge R740 | H84: Windows Server 2019 Standard | I84: Xeon Gold 5222@3.8GHz(2Socket, 8Core, 16Thread) | J84: 32GB | O84: 3.3.0 | P84: X | Q84: X | R84: 10.4.24 | T84: 20.200.0.100 | V84: 20.200.0.1 / 24
B86: 2021-06-24? | C86: 함안 | D86: 조기경보 | E86: DELL R740 | F86: DELL | G86: PowerEdge R740 | H86: Windows Server 2019 Standard | I86: Xeon Gold 5222@3.8GHz(2Socket, 8Core, 16Thread) | J86: 32GB
B88: 2021-06-01? | C88: 단양 | D88: 조기경보 | E88: DELL R540 | F88: DELL | G88: PowerEdge R540 | H88: Windows Server 2019 Standard | I88: Xeon Silver 4210R@2.4GHz(1Socket, 10Core, 20Thread) | J88: 16GB | O88: 3.2.4 | P88: 2.4.46 | Q88: 7.4.11 | R88: 10.4.14 | T88: 211.46.44.82 | V88: 211.46.44.1 / 24
T89: 20.90.0.100 | V89: 20.90.0.1 / 24
B90: 2021-06? | C90: 옥천 | D90: 조기경보 | E90: DELL R540 | F90: DELL | G90: PowerEdge R540 | H90: Windows Server 2019 Standard | I90: Xeon Silver 4215R@3.2GHz(1Socket, 8Core, 16Thread) | J90: 32GB | O90: 3.2.4 | P90: 2.4.46 | Q90: 7.4.11 | R90: 10.4.14 | T90: 27.101.144.26 | V90: 27.101.144.126 / 25
T91: 20.10.0.100 | V91: 20.10.0.1 / 24
C92: 횡성 | D92: 차단
D93: DB중계 | F93: 우보 | H93: Windows Server 2022 Standard | I93: Xeon E-2124@3.3GHz(1Socket, 4Core, 4Thread) | J93: 16GB | R93: 10.4.27 | T93: 106.9.91.204 | V93: 106.9.91.254 / 24
B95: 2019.06? | C95: 인천 | D95: 기상관측 | E95: 인천시청 | F95: HP | G95: DL580 G7 | H95: Windows Server 2012 R2 | I95: Xeon E7-4820@2.0GHz | J95: 32GB | T95: 101.0.116.157 | V95: 101.0.116.254/24
C97: 인천 | D97: 기상관측 | E97: 연수구청 | F97: 가상화 | G97: VMware | H97: Windows Server 2012 R2 Standard | I97: Xeon CPU E5-2630v3@2.4GHz | J97: 4GB | L97: 70GB | T97: 101.4.4.202
B99: 2021.12.20? | C99: 천안 | E99: 아산천안도시통합센터 | F99: DELL | G99: PowerEdge R740 | H99: Windows Server 2019 Standard | I99: Xeon Gold 5222@3.8GHz(2Socket, 8Core, 16Thread) | J99: 32GB | L99: 1.8TB
B101: 2021.11.11? | C101: 제주도청 | D101: 기상관측 | E101: HPE DL360 | F101: HPE | G101: HPE DL360 Gen10 | H101: Windows Server 2019 Standard | I101: Xeon Gold 5222@3.8GHz(2Socket, 8Core, 16Thread) | J101: 32GB | T101: 59.8.86.81

Sheet 계정정보
C8: Administrator / win2019! | K8: 사용자 구분 | M8: 기존시스템 | P8: 변경할 시스템 | T8: 비고
M9: 계정 | N9: 기상/침수/예경보 | P9: 기상관측시스템 | Q9: 침수차단시스템 | R9: 예경보시스템 | S9: 조기예경보시스템
C10: 구매처 | K10: 관리용 | L10: root | M10: ID | N10: WeatherSI | P10: WBWeather | Q10: WBFlood | R10: WBAlert | S10: WBEarly | T10: 시스템별 계정 구분으로 보안 강화
C11: [이름] 변영근 대표(와이케이시스템즈:서버) | M11: Pw | N11: @weathersi# | P11: #wb@weather! | Q11: #woobo@flood! | R11: #wbsys@alert! | S11: #woobosys@early!
C12: [휴대전화] 010-8283-1494 | M12: 권한 | N12: 전체권한 | P12: 전체 권한 | Q12: 전체 권한 | R12: 전체 권한 | S12: 전체 권한
C13: [개인] admin@yksys.co.kr | K13: 시스템용 | L13: user1 | M13: ID | N13: X | P13: userWooboWeb | T13: 웹용 계정
M14: Pw | P14: wooboWeb!@
M15: 권한 | P15: select, update, delete, insert
B16: 씨엔에스 | C16: admin / 1234admin / 1234admin# / admin123! | D16: 라우터 WEB | K16: 유지관리용 | L16: user2 | M16: ID | N16: X | P16: userWoobo | T16: 서버에서 DB 접속시 사용
B17: 아이피로드NMS | C17: woobosys123 | D17: http://nms.iproad.co.kr/ipr-400/w_login | E17: woobosys123!! | M17: Pw | P17: @woobo#
B18: 아이피로드 | C18: admin / admin6622 | D18: 라우터 WEB | M18: 권한 | P18: select, update
B19: 아이피로드 | C19: root / 4286622 | D19: 라우터 WEB | K19: 제휴업체 | L19: user3 | M19: ID | N19: guestWt | P19: userXXX | T19: xxx - 업체명 사용
B20: 넥스파 | C20: Administrator / nexpa1234 | D20: mstsc | M20: Pw | N20: guestWt | P20: XXX
B21: 컴텔 | C21: comtel | D21: 전광판 VNC (UltraVNC Viewer) | E21: comtel | F21: C:\SignBoard\BoardCTRL\Image | M21: 권한 | N21: Select | P21: 필요 테이블 Select
B22: 카카오지도 | C22: woobosys4781@naver.com / wb7974781 | D22: http://dapi.kakao.com | E22: f4592e97c349ab41d02ff73bd314a201
B23: 문자박사 | C23: junghane / Woobosys4781! /5361 | D23: https://www.munja123.com
B24: OPENAPI | C24: woobolab@woobosys.com / Woobosys4781! | D24: VE5IF8GtcZNcnSpkq1sygdHeIEIhixMY4dvRdZ0XNH1bj3BFF0KaVcDGwb63jc5CFpy31R71H6R3YzYRVcNrGA%3D%3D
B25: 기상청API허브 | C25: woobolab@woobosys.com / Woobosys4781! | D25: BlqTenoZQCKak3p6GUAixQ

Sheet 지역코드
A1: JHName | B1: JHACode | C1: JHDoName
A2: 서울 | B2: 0 | C2: 서울 | F2: 구분코드
A3: 광주 | B3: 1 | C3: 광주 | F3: 하천(0)
A4: 대구 | B4: 2 | C4: 대구 | F4: 내수(1)
A5: 대전 | B5: 3 | C5: 대전 | F5: 해일(2)
A6: 부산 | B6: 4 | C6: 부산 | F6: 저수지(3)
A7: 세종 | B7: 5 | C7: 세종 | F7: 급경사지(4)
A8: 울산 | B8: 6 | C8: 울산 | F8: 교량(5)
A9: 인천 | B9: 7 | C9: 인천 | F9: 옹벽(6)
A10: 서귀포 | B10: 8 | C10: 제주 | F10: 건축물(7)
A11: 제주 | B11: 9 | C11: 제주 | F11: 기타(Z)
A12: 강릉 | B12: 10 | C12: 강원
A13: 고성 | B13: 11 | C13: 강원
A14: 동해 | B14: 12 | C14: 강원 | E14: 재해위험지구 | F14: https://www.safekorea.go.kr/idsiSFK/neo/sfk/cs/sfc/fcl/riskUserList.html?menuSeq=314
A15: 삼척 | B15: 13 | C15: 강원
A16: 속초 | B16: 14 | C16: 강원
A17: 양구 | B17: 15 | C17: 강원
A18: 양양 | B18: 16 | C18: 강원
A19: 영월 | B19: 17 | C19: 강원
A20: 원주 | B20: 18 | C20: 강원
A21: 인제 | B21: 19 | C21: 강원
A22: 정선 | B22: 20 | C22: 강원
A23: 철원 | B23: 21 | C23: 강원
A24: 춘천 | B24: 22 | C24: 강원
A25: 태백 | B25: 23 | C25: 강원
A26: 평창 | B26: 24 | C26: 강원
... A163: 충주 | B163: 161 | C163: 충북

Sheet 시스템현황파악
J2: c:\APM_Setup\Server\Apache\bin\httpd.exe -v && c:\APM_Setup\Server\MySQL5\bin\mysqld.exe --version && c:\APM_Setup\Server\PHP5\php.exe --version
B4: 구분 | C4: 시스템 명칭 | D4: 공인 IP | E4: 로컬 IP | F4: OS | G4: 웹페이지 | H4: DB구조 | I4: 서비스 | J4: Apache | K4: MySQL | L4: PHP | M4: 수집 | N4: 방송 | O4: 문자 | P4: 전광판 | Q4: 차단기 | R4: 기상 | S4: 자동실행 | T4: NMS
B10: 우보재난시스템 시스템 현황 파악
B13: 구분 | C13: 시스템 명칭 | D13: 공인 IP | E13: 로컬 IP | F13: OS | G13: 웹페이지 | H13: DB구조 | I13: 서비스 | J13: Apache | K13: MySQL | L13: PHP | M13: 수집 | N13: 방송 | O13: 문자 | P13: 전광판 | Q13: 차단기 | R13: 기상 | S13: 자동실행 | T13: NMS
B14: 유지보수대상 시스템 | C14: 강원_동해_둔치주차_관측서버 | D14: 152.99.144.55 | E14: 152.99.144.55 | F14: Server 2019 1809 | G14: 지능형통합관제시스템 | H14: EW | I14: XAMPP 3.3.0 | J14: 2.4.58 | K14: 10.4.32 | L14: 8.2.12 | M14: 1.6.3 | N14: 1.6.3 | O14: 1.6.3 | P14: 1.6.3 | Q14: 1.6.3 | R14: 1.6.3 | S14: 1.6.3 | T14: 주소입력필요
C15: 강원_삼척_기상서버 | D15: 211.253.82.243 | E15: 106.7.28.45 | F15: Server 2016 1607 | G15: 기상 관측 시스템 | H15: JH | I15: APM | J15: 2.2.14 | K15: 5.1.41 | L15: 5.2.12 | M15: 필요 CB | N15: - | O15: - | P15: - | Q15: - | U15: 기상청 AWS
C16: 강원_원주_수위관측_서버 | D16: 211.253.82.243 | E16: 106.2.103.163 | F16: Server 2012 R2 | G16: 기상 관측 시스템 | H16: JH | I16: IIS | J16: IIS 8.5 | K16: 10.4.27 | L16: ASP | M16: 1.6.3 | N16: - | O16: - | P16: - | Q16: - | R16: 1.6.3 | S16: 1.6.3 | T16: 주소입력필요
C17: 강원_정선_통합관제_관측서버 | D17: 152.99.171.182 | E17: 152.99.171.182 | F17: Server 2019 1809 | G17: 지능형 통합관제시스템 | H17: EW | I17: XAMPP 3.2.4 | J17: 2.4.46 | K17: 10.4.14 | L17: 7.4.33 | M17: 1.6.1 | N17: 1.6.1 | O17: 1.6.1 | P17: 1.7.0 | Q17: 1.7.0 | R17: 1.6.3 | S17: 1.6.3 | T17: 주소입력필요
C18: 강원_정선_서버 | D18: 211.253.82.243 | E18: 106.12.12.133 | F18: Server 2012 R2 | G18: 재난예경보 시스템 | H18: JH | I18: XAMPP 3.2.4 | J18: 2.4.46 | K18: 10.4.14 | L18: 7.4.11 | M18: 불필요 | N18: - | O18: - | P18: - | Q18: - | U18: 철거예정
C19: 강원_철원_기상관측_서버 | D19: 211.253.82.235 | E19: 106.13.5.44 | F19: Server 2012 R2 | G19: 기상 관측 시스템 | H19: JH | I19: XAMPP 3.2.4 | J19: 2.4.46 | K19: 10.4.14 | L19: 7.4.11 | M19: 완료 | N19: - | O19: - | P19: - | Q19: - | U19: 철거됨
C20: 강원_철원_조기경보_관측서버 | D20: 152.99.172.86 | E20: 20.200.0.100 | F20: Server 2019 1809 | G20: 조기예경보 시스템 | H20: EW | I20: XAMPP 3.3.0 | J20: 2.4.53 | K20: 10.4.24 | L20: 7.4.29 | M20: 1.6.3 | N20: 1.6.3 | O20: 1.6.3 | P20: 1.6.3 | Q20: - | R20: 1.6.3 | S20: 1.6.3 | T20: 완료 | U20: 통계, NDMS
C21: 강원_양구_조기경보 | D21: 221.144.206.176 | E21: 192.168.0.110 | F21: Server 2019 | G21: -(부린) | H21: EQP | I21: - | J21: - | K21: 10.4.19 | L21: - | M21: 필요t-eqp | N21: 필요 | O21: 필요 | P21: - | Q21: - | R21: -
A22: Rust-MS | C22: 인천_연수구청 | F22: Server 2012 R2 | G22: 기상관측시스템 | H22: JH | I22: 서버교체예정 | M22: 보류 | N22: - | O22: - | P22: - | Q22: - | U22: 교체예정
C23: 인천_남동구청_기상관측_서버 | D23: 211.253.98.34 | E23: 101.5.36.28 | F23: 10 Pro 21H2 | G23: 기상실황판 | H23: EW | I23: IIS | J23: IIS 10.0 | K23: 10.4.14 | L23: ASP | M23: 1.6.3 | N23: - | O23: - | P23: - | Q23: - | R23: - | S23: 1.6.3 | T23: 완료
C24: 인천_남동구청_수위관측_서버 | D24: 223.171.48.228 | E24: 192.168.50.102 | F24: Server 2022 21H2 | G24: 지능형 통합관제시스템 | H24: EW | I24: XAMPP | J24: 3.3.0 | M24: 1.6.3 | N24: 1.6.3 | O24: 1.6.3 | P24: - | Q24: - | R24: 1.6.3 | S24: 1.6.3 | T24: 완료
C25: 인천_부평_서버 | D25: 211.253.98.18 | E25: 101.6.63.20 | F25: Server 2012 R2 | G25: 기상실황(관광안내도) | H25: ETC(aws) | I25: IIS | J25: IIS 8.5 | K25: 5.7.7 | L25: ASP | M25: 필요 | N25: - | O25: - | P25: - | Q25: -
C26: 인천_중구_서버 | D26: 211.253.98.18 | E26: 101.1.83.109 | F26: 10 Pro 22H2 | G26: 기상 관측 시스템 | H26: JH | I26: APM | J26: 2.2.14 | K26: 5.1.41 | L26: 5.2.12 | M26: 1.6.1 | N26: - | O26: - | P26: - | Q26: -
C27: 충남_서산_서버 | D27: 210.95.187.137 | E27: 108.5.31.200 | F27: Server 2012 R2 | G27: 기상 관측 시스템 | H27: JH | I27: APM | J27: 2.2.14 | K27: 5.1.41 | L27: 5.2.12 | M27: 완료 | N27: - | O27: - | P27: - | Q27: -
C28: 충남_서천_기상관측_관측서버 | D28: 210.95.187.175 | E28: 108.10.60.205 | F28: Server 2016 1607 | G28: 기상 관측 시스템 | H28: EW | I28: AutoSet9 | J28: 2.4.10 | K28: 10.4.27 | L28: 5.6.0 | M28: 필요CB | N28: - | O28: - | P28: - | Q28: -
C29: 충남_예산_둔치주차_관측서버 | D29: 27.101.63.68 | E29: 20.100.0.100 | F29: Server 2019 1809 | G29: 둔치주차장 침수차단시스템 | H29: EW | I29: XAMPP 3.2.4 | J29: 2.4.46 | K29: 10.4.14 | L29: 7.4.33 | M29: 1.6.3 | N29: 웹 | O29: 웹 | P29: 1.6.3 | Q29: 1.6.3 | R29: 1.6.3 | S29: 1.6.3 | T29: 완료 | U29: 통계, 임계치, 경보발령
C30: 충남_태안_서버 | D30: 210.95.187.179 | E30: 108.14.25.26 | F30: Server 2016 1607 | G30: 기상 관측 시스템 | H30: JH | I30: APM | J30: 2.2.14 | K30: 5.1.41 | L30: 5.2.12 | M30: 1.6.1 | N30: - | O30: - | P30: - | Q30: - | U30: 도청,KMA데이터, 임계치문자, 표출용데이터, 강우1분수집
C31: 서울_동대문구 | E31: 98.6.62.21 | F31: Server 2019 1809 | G31: 조기예경보 시스템 | H31: EW | I31: XAMPP 3.2.4 | J31: 2.4.46 | K31: 10.4.14 | L31: 7.4.11 | M31: 완료 | N31: - | O31: 완료 | P31: - | Q31: - | T31: 접속불가
M32: 13/17완료 | N32: 완료 | O32: 완료 | P32: 완료 | Q32: 완료
B34: 구분 | C34: 시스템 명칭 | D34: 공인 IP | E34: 로컬 IP | F34: OS | G34: 웹페이지 | H34: DB구조 | I34: 서비스 | J34: Apache | K34: MySQL | L34: PHP | M34: 수집 | N34: 방송 | O34: 문자 | P34: 전광판 | Q34: 차단기 | R34: 기상 | S34: 자동실행 | T34: NMS
B35: 유지보수 미계약 관심지역 | C35: 경기_안성_수위 | E35: 20.160.0.100 | F35: Server 2019 1809 | G35: 조기예경보 시스템 | H35: EW | I35: XAMPP 3.2.4 | J35: 2.4.46 | K35: 10.4.14 | L35: 7.4.11 | M35: 1.6.3 | N35: 1.6.3 | O35: 1.6.3 | P35: - | Q35: - | R35: 1.6.3 | S35: 1.6.3 | T35: 완료 | U35: 모니터링S/W
C36: 경기_안성_둔치 | D36: 27.101.130.122 | E36: 20.200.0.100 | F36: Server 2019 1809 | G36: 지능형 통합관제시스템 | H36: EW | I36: XAMPP 3.3.0 | J36: 2.4.54 | K36: 10.4.27 | L36: 7.4.33 | M36: - | N36: 1.6.1 | O36: 1.6.1 | P36: 1.6.1 | Q36: -
C37: 경기_이천_침수차단_관측서버 | D37: 27.101.121.83 | E37: 27.101.121.83 | F37: Server 2022 21H2 | G37: 지능형 통합관제시스템 | H37: EW | I37: XAMPP 3.3.0 | J37: 2.4.54 | K37: 10.4.27 | L37: 7.4.33 | M37: 1.6.3 | N37: 1.6.3 | O37: 1.6.3 | P37: 1.7.0 | Q37: 1.7.0 | R37: 1.6.3 | S37: 1.6.3 | T37: 완료 | V37: 1.9.0 final
C38: 충남_부여_둔치주차_관측서버 | D38: 121.153.186.146 | E38: 50.1.1.120 | F38: Server 2019 1809 | G38: 지능형 통합관제시스템 | H38: EW | I38: XAMPP 3.3.0 | J38: 2.4.53 | K38: 10.4.24 | L38: 7.4.29 | M38: 완료 | N38: 완료 | O38: 완료 | P38: 완료 | Q38: 완료 | T38: 방화벽막힘 | V38: 2.0.0 WPF | W38: 소하천ST
C39: 충북_증평_둔치주차_관측서버 | D39: 221.160.55.184 | E39: 20.200.0.100 | F39: Server 2019 1809 | G39: 둔치주차장 침수차단시스템 | H39: EW | I39: XAMPP 3.3.0 | J39: 2.4.53 | K39: 10.4.24 | L39: 7.4.33 | M39: 1.6.1 | N39: 1.6.1 | O39: 1.6.1 | P39: 1.6.1 | Q39: 1.6.1 | T39: 방화벽막힘 | V39: 2.0.0 Nest.JS
C40: 제주_도청_기상관측_관측서버 | D40: 59.8.86.74 | E40: 59.8.86.74 | F40: Server 2022 21H2 | G40: 지능형 통합관제시스템 | H40: EW | I40: XAMPP 3.3.0 | J40: 2.4.58 | K40: 10.4.32 | L40: 8.2.12 | M40: 1.6.3 | N40: - | O40: - | P40: - | Q40: - | R40: 1.6.3 | S40: 1.6.3 | T40: 방화벽막힘
M41: 완료 | N41: 완료 | O41: 완료 | P41: 완료 | Q41: 완료
C44: 경남_양산_침수차단_관측서버 | D44: 27.101.80.177 | E44: 27.101.80.177 | F44: Server 2022 Std | G44: 지능형 통합관제시스템 | H44: EW | I44: XAMPP 3.3.0 | M44: 1.6.3 | N44: 1.6.3 | O44: 1.6.3 | P44: 1.6.3 | Q44: 1.6.3 | R44: 1.6.3 | S44: 1.6.3 | T44: 완료
B47: 구분 | C47: 시스템 명칭 | D47: 공인 IP | E47: 로컬 IP | F47: OS | G47: 웹페이지 | H47: DB구조 | I47: 서비스 | J47: Apache | K47: MySQL | L47: PHP | M47: 수집 | N47: 방송 | O47: 문자 | P47: 전광판 | Q47: 차단기 | R47: 기상 | S47: 자동실행 | T47: NMS
C48: 강원_강릉_침수차단_관측서버 | D48: 152.99.143.151 | E48: 20.150.0.100 | F48: Server 2019 1809 | G48: 침수차단 | H48: JH | I48: APM | J48: 2.2.14 | K48: 5.1.41 | L48: 5.2.12 | M48: 필요 | N48: - | O48: - | P48: 필요 | Q48: 필요
C49: 강원_고성_침수차단_웹서버 | D49: 152.99.176.92 | E49: 152.99.176.92 | F49: Server 2022 Std 21H2 | G49: 침수차단 | H49: EW | I49: XAMPP 3.3.0 | J49: 2.4.58 | K49: 10.4.32 | L49: 8.2.12 | M49: - | N49: 1.6.3 | O49: 1.6.3 | P49: 1.6.3 | Q49: 1.6.3 | R49: 1.6.3 | S49: 1.6.3 | T49: 완료
C50: 강원_도청_침수중계 | D50: 1.215.113.218 | E50: 1.215.113.218 | H50: JH | I50: - | J50: - | K50: - | L50: - | M50: - | N50: - | O50: - | P50: - | Q50: -
C51: 강원_동해_둔치주차_DB서버 | D51: 211.253.82.243 | E51: 106.4.35.139 | F51: Server 2019 1809 | G51: 보험개발원 | H51: - | I51: - | J51: - | K51: - | L51: - | M51: - | N51: - | O51: - | P51: - | Q51: - | R51: - | S51: - | T51: -
C52: 강원_삼척_침수 | D52: 152.99.147.59 | E52: 152.99.147.59 | F52: Server 2019 1809 | G52: 침수차단 | H52: JH | I52: APM | J52: 2.2.14 | K52: 5.1.41 | L52: 5.2.12 | M52: 필요 | N52: - | O52: - | P52: 필요 | Q52: 완료
C53: 강원_속초_침수 | D53: 152.99.146.64 | E53: 152.99.146.64 | F53: 11 Pro 23H2 | G53: 침수차단 | H53: JH | I53: APM | J53: 2.2.14 | K53: 5.1.41 | L53: 5.2.12 | M53: 필요 | N53: - | O53: - | P53: - | Q53: 필요
C54: 강원_영월_급경사지_관측서버 | D54: 152.99.160.122 | E54: 20.200.0.100 | F54: Server 2019 1809 | G54: 조기예경보 시스템 | H54: EW | I54: XAMPP 3.3.0 | J54: 2.4.53 | K54: 10.4.24 | L54: 7.4.29 | M54: 1.6.3 | N54: 1.6.3 | O54: 1.6.3 | P54: 1.6.3 | Q54: 1.6.3 | R54: 1.6.3 | S54: 1.6.3 | T54: 완료 | U54: NDMS
C55: 강원_영월_침수 | D55: 152.99.160.130 | E55: 152.99.160.130 | F55: 10 Pro 22H2 | G55: 침수차단 | H55: JH | I55: APM | J55: 2.2.14 | K55: 5.1.41 | L55: 5.2.12 | M55: 필요 | N55: - | O55: - | P55: 필요 | Q55: 완료
C56: 강원_원주_A&D서버 | D56: 211.253.82.243 | E56: 106.2.103.161 | F56: Server 2012 R2 | G56: - | H56: - | I56: - | J56: - | K56: - | L56: - | M56: - | N56: - | O56: - | P56: - | Q56: - | R56: - | S56: - | T56: -
C57: 강원_원주_급경사지_관측서버 | D57: 152.99.142.107 | E57: 20.200.0.100 | F57: Server 2019 1809 | G57: 조기예경보 시스템 | H57: EW | I57: XAMPP 3.3.0 | J57: 2.4.53 | K57: 10.4.24 | L57: 7.4.28 | M57: 1.6.3 | N57: 1.6.3 | O57: 1.6.3 | P57: - | Q57: - | R57: 1.6.3 | S57: 1.6.3 | T57: 완료 | U57: NDMS
C58: 강원_인제_서버 | D58: 211.253.82.243 | E58: 106.16.184.29 | F58: Server 2012 R2 | G58: 기상 관측 시스템 | H58: JH | I58: APM | J58: 2.2.14 | K58: 5.1.41 | L58: 5.2.12 | M58: 가능CB | N58: - | O58: - | P58: - | Q58: -
C59: 강원_인제_예경보 | D59: 211.253.82.235 | E59: 106.16.184.30 | F59: Server 2012 R2 | G59: 재난예경보 시스템 | H59: JH | I59: APM | J59: 2.2.14 | K59: 5.1.41 | L59: 5.2.12 | M59: - | N59: 1.6.1 | O59: 1.6.1 | P59: - | Q59: -
C60: 강원_인제_한성서버 | D60: 211.253.82.243 | E60: 106.16.184.209 | F60: Server 2008 R2 | G60: - | H60: - | I60: - | J60: - | K60: - | L60: - | M60: - | N60: - | O60: - | P60: - | Q60: - | R60: - | S60: - | T60: -
C61: 강원_정선_둔치DB서버 | D61: 211.253.82.235 | E61: 106.12.12.142 | F61: Server 2019 1809 | G61: 보험개발원 / NDMS | H61: - | I61: - | J61: - | K61: 10.4.27 | L61: - | M61: - | N61: - | O61: - | P61: - | Q61: - | R61: - | S61: - | T61: -
C62: 강원_정선_침수차단_온품서버 | D62: 152.99.171.175 | E62: 152.99.171.175 | F62: Server 2019 1809 | G62: - | H62: - | I62: - | J62: - | K62: - | L62: - | M62: - | N62: - | O62: - | P62: - | Q62: - | R62: - | S62: - | T62: -
C63: 강원_춘천_침수 | D63: 152.99.141.33 | E63: 152.99.141.33 | F63: Server 2019 1809 | G63: 침수차단 | H63: JH | I63: APM | J63: 2.2.14 | K63: 5.1.41 | L63: 5.2.12 | M63: 필요 | N63: - | O63: - | P63: 필요 | Q63: 필요
C64: 강원_홍천_둔치주차_관측서버 | D64: 152.99.148.155 | E64: 152.99.148.155 | F64: Server 2019 1809 | G64: 지능형 통합관제시스템 | H64: EW | I64: XAMPP 3.3.0 | J64: 2.4.54 | K64: 10.4.27 | L64: 7.4.33 | M64: 1.6.3 | N64: 1.6.3 | O64: 1.6.3 | P64: 1.6.3 | Q64: 1.6.3 | R64: 1.6.3 | S64: 1.6.3 | T64: 완료 | U64: NDMS
C65: 강원_화천_서버 | D65: 211.253.82.235 | E65: 106.14.15.226 | F65: Server 2016 1607 | G65: 기상 관측 시스템 | H65: JH | I65: APM | J65: 2.2.14 | K65: 10.4.27 | L65: 5.2.12 | M65: 필요 | N65: - | O65: - | P65: - | Q65: -
C66: 강원_횡성_저수지_관측서버 | D66: 118.44.24.230 | E66: 20.200.0.100 | F66: Server 2022 | G66: 지능형 통합관제시스템 | H66: EW | M66: 1.6.3 | N66: 1.6.3 | O66: 1.6.3 | P66: - | Q66: - | R66: 1.6.3 | S66: 1.6.3 | T66: 완료
C67: 강원_횡성_침수 | D67: 152.99.149.182 | E67: 152.99.149.182 | F67: Server 2019 1809 | G67: 지능형 통합관제시스템 | H67: EW | I67: XAMPP 3.3.0 | J67: 2.4.58 | K67: 10.4.32 | L67: 8.2.12 | M67: 1.6.3 | N67: 1.6.3 | O67: 1.6.3 | P67: 1.6.3 | Q67: 1.6.3 | R67: 1.6.3 | S67: 1.6.3 | T67: 완료 | U67: NDMS
C68: 강원_원주_침수 | D68: 152.99.142.60 | E68: 152.99.142.60 | F68: 원격 X | M68: 필요
C69: 인천_계양_서버 | D69: 211.253.98.34 | E69: 101.7.14.157 | F69: Server 2012 R2 | G69: 기상관측시스템 | H69: JH | I69: APM | J69: 2.2.14 | K69: 5.1.41 | L69: 5.2.12
C70: 경기_김포_화진서버 | D70: 211.114.22.161 | E70: 105.31.110.120 | F70: Server 2019 | M70: - | N70: - | O70: - | P70: - | Q70: - | R70: - | S70: - | T70: -
C71: 경기_안성_서버 | D71: 211.114.22.160 | E71: 105.30.7.244 | F71: Server 2012 R2 | G71: 기상관측시스템 | H71: JH | I71: APM | J71: 2.2.14 | K71: 5.1.41 | L71: 5.2.12 | M71: 가능CB | N71: - | O71: - | P71: - | Q71: -
C72: 경기_양주_관측서버 | D72: 1.212.72.162 | E72: 20.200.0.100 | F72: Server 2022 21H2 | G72: 지능형 통합관제시스템 | H72: EW | I72: XAMPP 3.3.0 | J72: 2.4.54 | K72: 10.4.27 | L72: 7.4.33 | M72: 1.6.3 | N72: 1.6.3 | O72: 1.6.3 | P72: - | Q72: - | R72: 1.6.3 | S72: 1.6.3 | T72: 완료
C73: 경기_오산_침수차단_관측서버 | D73: 222.117.180.58 | E73: 172.10.1.6 | F73: Server 2022 21H2 | G73: 지능형 통합관제시스템 | H73: EW | I73: XAMPP 3.3.0 | J73: 2.4.58 | K73: 10.4.32 | L73: 8.2.12 | M73: - | N73: - | O73: - | P73: - | Q73: 1.6.3 | R73: 1.6.3 | S73: 1.6.3 | T73: 완료
C74: 경기_용인_침수차단_관측서버 | D74: 221.153.234.239 | E74: 20.200.0.100 | F74: Server 2022 21H2 | G74: 지능형 통합관제시스템 | H74: EW | I74: XAMPP 3.3.0 | J74: 2.4.54 | K74: 10.4.27 | L74: 7.4.33 | M74: - | N74: - | O74: - | P74: - | Q74: 1.6.3 | R74: 1.6.3 | S74: 1.6.3 | T74: 완료
C75: 경기_이천_둔치주차_예비서버 | D75: 27.101.121.82 | E75: 27.101.121.82 | H75: - | I75: - | J75: - | K75: - | L75: - | M75: - | N75: - | O75: - | P75: - | Q75: - | R75: - | S75: - | T75: -
C76: 경기_이천_침수차단_DB중계서버 | D76: 211.114.22.91 | E76: 105.21.100.127 | F76: Server 2022 21H2 | G76: 보험개발원 | H76: - | I76: - | J76: - | K76: - | L76: - | M76: - | N76: - | O76: - | P76: - | Q76: - | R76: - | S76: - | T76: -
A77: VPN | C77: 충남_공주_둔치주차 | D77: 210.123.195.125 | F77: Server 2019 1809 | G77: 둔치주차장 침수차단시스템 | H77: EW | I77: XAMPP 3.2.4 | J77: 2.4.46 | K77: 10.4.14 | L77: 7.4.11 | T77: 접속불가
C78: 충남_공주_기상관측_서버 | D78: 210.95.187.166 | E78: 108.2.13.210 | F78: Server 2012 R2 | G78: 선진서버 | M78: - | N78: - | O78: - | P78: - | Q78: -
C79: 충남_부여_기상서버 | D79: 210.95.187.174 | E79: 108.9.1.227 | F79: Server 2012 R2 | G79: 기상실황(관광안내도) | H79: JH | I79: APM | J79: 2.24.14 | K79: 5.1.41 | L79: 5.2.12 | M79: 필요CB
C80: 충남_부여_둔치주차_대형전광판 | D80: 175.203.216.131 | E80: 20.30.7.3 | M80: - | N80: - | O80: - | P80: - | Q80: - | R80: - | S80: - | T80: -
A81: VPN NEO | C81: 충남_보령
C82: 충남_천안_급경사지_연계서버 | D82: 220.83.251.130 | E82: 20.200.0.101 | F82: Server 2019 1809 | G82: - | I82: XAMPP 3.3.0 | J82: X | K82: 10.4.24 | L82: X | M82: - | N82: - | O82: - | P82: - | Q82: -
C83: 충남_천안_조기경보_관측서버(수집) | D83: 220.83.251.130 | E83: 20.200.0.100 | F83: Server 2019 1809 | G83: - | H83: EW | I83: XAMPP 3.2.4 | J83: X | K83: 10.4.14 | L83: X | M83: 1.6.1 | N83: 1.6.1 | O83: 1.6.1 | P83: 1.6.1 | Q83: - | U83: 주소필요
C84: 충남_천안_조기경보_관측서버(내부망) | E84: 20.200.40.30 | F84: Server 2019 1809 | G84: 조기예경보 시스템 | H84: EW | I84: XAMPP 3.2.4 | J84: 2.4.53 | K84: X | L84: 7.4.28 | M84: - | N84: - | O84: - | P84: - | Q84: -
C85: 충남_홍성_조기경보_관측서버 | D85: 27.101.62.6 | E85: 20.200.0.100 | F85: Server 2019 1809 | G85: 조기예경보 시스템 | H85: EW | I85: XAMPP 3.2.4 | J85: 2.4.46 | K85: 10.4.14 | L85: 7.4.11 | M85: 1.0.0 | N85: 1.0.0 | O85: 1.0.0 | P85: - | Q85: - | U85: STR
C86: 금강보행교 | D86: 221.158.41.33 | E86: 221.158.41.33 | F86: 원격 X | T86: 폐쇄망
C87: 충남_당진_조기경보서버 | D87: 118.235.13.232 | E87: 192.168.155.69 | F87: 원격 X
C88: 충북_단양_조기경보_DB서버 | D88: 211.57.153.11 | E88: 107.11.104.88 | M88: - | N88: - | O88: - | P88: - | Q88: - | R88: - | S88: - | T88: -
C89: 충북_단양_조기경보_관측서버 | D89: 27.101.150.82 | E89: 211.46.44.82 | F89: Server 2019 1809 | G89: 조기예경보 시스템 | H89: EW | I89: XAMPP 3.2.4 | J89: 2.4.46 | K89: 10.4.14 | L89: 7.4.11 | M89: 필요구형 | N89: 필요 | O89: 필요 | P89: - | Q89: -
A90: VPN | C90: 충북_옥천 | D90: 원격 금지
C91: 충북_음성_급경사지_관측서버 | D91: 59.31.9.82 | E91: 40.40.40.120 | F91: Server 2019 1809 | G91: 지능형 통합관제시스템 | H91: EW | I91: XAMPP 3.2.4 | J91: 2.4.46 | K91: 10.4.14 | L91: 7.4.11 | M91: 1.6.1 | N91: 1.6.1 | O91: 1.6.1 | P91: 1.6.1 | Q91: -
C92: 충북_음성_저수지_관측서버 | D92: 59.31.9.82 | E92: 40.40.40.122 | F92: Server 2019 1809 | G92: 지능형 통합관제시스템 | H92: EW | I92: XAMPP 3.3.0 | J92: X | K92: 10.4.22 | L92: X | M92: 1.6.3 | N92: 1.6.3 | O92: 1.6.3 | P92: - | Q92: - | R92: 1.6.3 | S92: 1.6.3 | T92: 완료
C93: 충북_진천_조기경보 | D93: 119.204.191.90 | E93: 40.40.40.120 | F93: Server 2019 1809 | G93: 재해위험지역 통합관리시스템 | H93: EW | I93: XAMPP 3.2.4 | J93: 2.4.46 | K93: 10.4.14 | L93: 7.4.11 | M93: 1.6.3 | N93: - | O93: - | P93: - | Q93: - | R93: - | S93: 1.6.3 | T93: 완료
C94: 충북_청주_배수펌프_수집서버 | D94: 211.57.153.1 | E94: 20.200.0.100 | F94: Server 2022 21H2 | G94: - | H94: EW | I94: XAMPP 3.3.0 | J94: X | K94: 10.4.27 | L94: X | M94: 1.2.0 | N94: - | O94: - | P94: - | Q94: - | U94: 배수펌프
C95: 충북_청주_세월교_DB중계 | D95: 211.57.153.17 | E95: 107.1.175.20 | F95: Server 2019 1809 | G95: - | H95: - | I95: - | J95: - | K95: - | L95: - | M95: 1.1.0 | N95: - | O95: - | P95: - | Q95: - | U95: 화진
C96: 충북_청주_세월교_관측서버 | D96: 115.20.209.197 | E96: 115.20.209.197 | F96: Server 2019 1809 | G96: 지능형 통합관제시스템 | H96: EW | I96: XAMPP 3.3.0 | J96: 2.4.54 | K96: 10.4.27 | L96: 7.4.33 | M96: - | N96: - | O96: 1.6.3 | P96: - | Q96: - | R96: 1.6.3 | S96: 1.6.3 | T96: -
C97: 전북_고창_조기경보_관측서버 | D97: 27.101.163.36 | E97: 20.130.0.100 | F97: Server 2019 1809 | G97: 조기예경보 시스템 | H97: EW | I97: XAMPP 3.2.4 | J97: 2.4.46 | K97: 10.4.14 | L97: 7.4.33 | M97: 완료 | N97: 완료 | O97: 완료 | P97: 완료 | Q97: -
C98: 전북_고창_침수차단_관측서버 | D98: 27.101.163.38 | E98: 20.200.0.100 | F98: Server 2022 | G98: 지능형 통합관제시스템 | H98: EW | M98: 1.6.3 | N98: 1.6.3 | O98: 1.6.3 | P98: 1.6.3 | Q98: 1.6.3 | R98: 1.6.3 | S98: 1.6.3 | T98: 완료
C99: 전북_김제_조기경보_발령서버 | D99: 211.252.203.12 | E99: 109.6.29.104 | F99: Server 2019 1809 | G99: 예경보 통합발령 시스템 | H99: EW | I99: XAMPP 3.3.0 | J99: 2.4.56 | K99: 10.4.24 | L99: 8.2.4 | M99: - | N99: 1.6.3 | O99: 1.6.3 | P99: - | Q99: - | R99: - | S99: 1.6.3 | U99: 위경도 필요
C100: 전북_김제_통합관제_관측서버 | D100: 27.101.156.106 | E100: 20.200.0.100 | F100: Server 2019 1809 | G100: 조기예경보 시스템 | H100: EW | I100: XAMPP 3.3.0 | J100: 2.4.53 | K100: 10.4.24 | L100: 7.4.29 | M100: 1.6.3 | N100: 1.6.3 | O100: 1.6.3 | P100: 1.6.3 | Q100: 1.6.3 | R100: 1.6.3 | S100: 1.6.3 | T100: 완료
C101: 전북_임실_침수_서버 | D101: 112.184.108.201 | E101: 192.168.100.55 | F101: Server 2012 R2 | G101: - | H101: - | I101: - | J101: - | K101: - | L101: - | M101: - | N101: - | O101: - | P101: - | Q101: -
C102: 전북_진안_조기경보_관측서버 | D102: 106.255.233.226 | E102: 20.180.0.100 | F102: Server 2019 1809 | G102: 조기예경보 시스템 | H102: EW | I102: XAMPP 3.3.0 | J102: 2.4.53 | K102: 10.4.24 | L102: 8.1.4 | M102: 1.6.3 | N102: 1.6.3 | O102: 1.6.3 | P102: 1.6.3 | Q102: - | R102: 1.6.3 | S102: 1.6.3 | T102: 완료
C103: 전남_고창_조기예경보_DB | D103: 211.252.203.11 | E103: 109.13.249.58
C104: 전남_담양_급경사지_관측서버 | D104: 58.72.155.170 | E104: 20.200.0.100 | F104: Server 2022 | G104: 지능형 통합관제시스템 | H104: EW | I104: XAMPP | M104: 1.6.3 | N104: 1.6.3 | O104: 1.6.3 | P104: - | Q104: - | R104: 1.6.3 | S104: 1.6.3 | T104: 완료
C105: 전남_담양_침수차단_관측서버 | D105: 1.223.5.42 | E105: 20.200.0.101 | F105: Server 2022 | G105: 지능형 통합관제시스템 | H105: EW | I105: XAMPP 3.3.0 | M105: 1.6.3 | N105: 1.6.3 | O105: 1.6.3 | P105: 1.6.3 | Q105: 1.6.3 | R105: 1.6.3 | S105: 1.6.3 | T105: 완료
C106: 전남_무안_조기경보_관측서버 | D106: 152.99.184.41 | E106: 20.170.0.100 | F106: Server 2019 1809 | G106: 조기예경보 시스템 | H106: EW | I106: XAMPP 3.3.0 | J106: 2.4.53 | K106: 10.4.24 | L106: 8.1.4 | M106: 1.6.1 | N106: 1.6.1 | O106: 1.6.1 | P106: - | Q106: -
C107: 전남_장성_저수지_관측서버 | D107: 112.217.78.250 | E107: 20.200.0.100 | F107: Server 2022 | G107: 지능형 통합관제시스템 | H107: EW | M107: 1.6.3 | N107: 1.6.3 | O107: 1.6.3 | P107: - | Q107: - | R107: 1.6.3 | S107: 1.6.3 | T107: 완료
A108: Anydesk | C108: 전남_목포
C109: 경북_김천_침수차단_관측서버 | D109: 211.228.223.173 | E109: 192.168.10.215 | F109: 원격 X
C110: 경북_김천_저수지 | D110: 59.24.116.245 | E110: 172.4.1.10 | F110: 비밀번호 X | G110: - | H110: EW | I110: XAMPP 3.2.4 | M110: 1.7.0 | N110: - | O110: - | P110: - | Q110: - | R110: - | S110: 1.7.0 | T110: 완료
C111: 경북_성주_둔치WAS서버 | D111: 27.101.28.21 | E111: 27.101.28.21 | F111: Server 2019 1809 | G111: 둔치주차장 침수차단시스템 | H111: EW | I111: XAMPP 3.2.4 | J111: 2.4.46 | K111: 10.4.14 | L111: 7.4.11 | M111: 필요구형 | N111: 필요 | O111: 필요 | P111: 필요 | Q111: 필요
A112: VPN | C112: 경북_영덕_통합관제 | E112: 20.70.0.100 | F112: Server 2019 1809 | G112: 지능형 통합관제시스템 | H112: EW | I112: XAMPP 3.2.4 | J112: 2.4.46 | K112: 10.4.14 | L112: 7.4.29 | M112: 1.7.0 | N112: 1.7.0 | O112: 1.7.0 | P112: - | Q112: - | R112: 1.6.3 | S112: 1.6.3 | T112: 완료 | U112: 통계, NDMS, 세기
C113: 경북_영양_침수차단_관측서버 | D113: 27.101.24.48 | E113: 27.101.24.48 | F113: Server 2022 21H2 | G113: 지능형 통합관제시스템 | H113: EW | I113: XAMPP 3.3.0 | J113: 2.4.54 | K113: 10.4.27 | L113: 7.4.33 | M113: 1.6.3 | N113: - | O113: - | P113: 1.6.3 | Q113: 1.6.3 | R113: 1.6.3 | S113: 1.6.3 | T113: 완료
C114: 경북_영천_조기경보_수집서버 | D114: 27.101.17.165 | E114: 20.200.0.100 | F114: Server 2019 1809 | G114: - | H114: EW | I114: XAMPP 3.3.0 | J114: X | K114: 10.4.24 | L114: X | M114: 1.6.3 | N114: 1.6.3 | O114: 1.6.3 | P114: - | Q114: - | R114: - | S114: 1.6.3 | T114: 완료
...
